match_id,date,round_name,pitchapi_home_team,pitchapi_home_team_id,pitchapi_away_team,pitchapi_away_team_id,goles_favor,goles_contra,sofascore_cornerKicks,rival_cornerKicks,sofascore_yellowCards,rival_yellowCards,sofascore_totalShotsOnGoal,rival_totalShotsOnGoal,sofascore_shotsOnGoal,rival_shotsOnGoal,sofascore_shotsOffGoal,rival_shotsOffGoal,sofascore_expectedGoals,rival_expectedGoals,sofascore_expectedGoalsOnTarget,rival_expectedGoalsOnTarget,sofascore_bigChanceCreated,rival_bigChanceCreated,sofascore_bigChanceMissed,rival_bigChanceMissed,sofascore_touchesInOppBox,rival_touchesInOppBox,sofascore_fouls,rival_fouls,sofascore_passes,rival_passes,sofascore_accuratePasses,rival_accuratePasses,sofascore_totalTackle,rival_totalTackle,sofascore_interceptionWon,rival_interceptionWon,sofascore_ballRecovery,rival_ballRecovery
m_4LyLYK,2026-01-22,1,Banfield,t_0bW0AU,Huracán,t_2qXAzu,1,1,2,4,4.0,4.0,11,14,4,4,5,4,,,,,2.0,2.0,1.0,1.0,13,15,14,8,408,236,315,156,20,14,10,20,53,36
m_0MqdAY,2026-01-22,1,Aldosivi,t_2rD0OF,Defensa y Justicia,t_1DVMAZ,0,0,4,4,0.0,4.0,10,9,2,3,5,5,,,,,1.0,0.0,1.0,0.0,16,17,6,18,301,244,211,167,17,19,12,5,38,43
m_3Ky5pe,2026-01-22,1,Unión,t_0oa5Fc,Club Atlético Platense,t_2Swqmw,0,0,3,4,2.0,1.0,19,13,3,5,9,5,,,,,2.0,0.0,2.0,0.0,15,15,11,7,424,393,316,276,18,18,10,7,53,63
m_22Z8p0,2026-01-23,1,Central Córdoba de Santiago,t_2M7cot,Gimnasia Mendoza,t_1g5yTJ,1,0,2,14,1.0,0.0,11,16,4,4,5,5,,,,,2.0,2.0,2.0,2.0,12,25,10,9,245,524,163,443,22,15,8,6,40,46
m_2wEu9K,2026-01-23,1,San Lorenzo,t_1QqhS7,Lanús,t_0rsFNq,3,2,8,6,4.0,1.0,13,17,6,4,7,9,,,,,4.0,1.0,2.0,0.0,16,38,20,14,285,395,209,321,30,20,7,10,40,44
m_1JjKsV,2026-01-23,1,Instituto,t_2rXlDo,Vélez Sarsfield,t_2eRs85,0,1,4,2,3.0,5.0,13,7,5,3,5,3,,,,,,,,,20,9,10,16,320,375,228,281,20,8,11,14,45,54
m_1oH2tW,2026-01-23,1,Independiente,t_1XZg6T,Estudiantes,t_1HsET8,1,1,5,10,4.0,2.0,11,13,2,3,6,6,,,,,3.0,1.0,2.0,0.0,22,22,10,9,445,284,357,205,23,11,8,11,49,53
m_3L4LL7,2026-01-24,1,Barracas Central,t_3FROV0,River Plate,t_1Fzy5s,0,1,6,6,2.0,2.0,11,20,2,7,3,8,,,,,0.0,5.0,0.0,4.0,9,19,15,9,229,475,141,396,13,20,10,11,50,53
m_0U6amu,2026-01-24,1,Gimnasia LP,t_0rGDE4,Racing Club,t_2RmaMX,2,1,4,5,2.0,3.0,7,13,5,3,1,7,,,,,3.0,2.0,2.0,1.0,13,27,13,15,199,566,118,469,25,8,13,7,37,43
m_43Vm4s,2026-01-24,1,Talleres,t_02LuKO,Newell's Old Boys,t_3mLGSt,2,1,11,4,1.0,2.0,17,10,6,3,5,6,,,,,4.0,1.0,3.0,0.0,20,13,10,10,517,192,446,134,10,15,3,12,44,42
m_1bOPPX,2026-01-24,1,Independiente Rivadavia,t_0SmVI4,Atlético Tucumán,t_45vTPl,1,2,3,1,3.0,2.0,14,11,5,5,6,5,,,,,1.0,2.0,0.0,1.0,19,15,11,13,296,216,200,137,17,25,9,11,46,48
m_0pr0Dr,2026-01-25,1,Rosario Central,t_1rEb7t,Belgrano,t_2Ba0sx,1,2,4,3,2.0,1.0,17,13,8,6,7,4,,,,,3.0,3.0,2.0,3.0,25,29,6,11,379,382,312,307,14,20,14,8,52,46
m_2hYXmh,2026-01-25,1,Boca Juniors,t_0otcXZ,Deportivo Riestra,t_3TbOfu,1,0,12,1,1.0,5.0,19,6,3,1,8,3,,,,,2.0,0.0,1.0,0.0,19,7,9,19,574,155,505,80,12,16,4,4,39,28
m_1BLvBV,2026-01-26,1,Argentinos Juniors,t_3XuEvf,Sarmiento,t_3qkV0m,0,1,2,9,6.0,3.0,2,24,1,11,0,10,,,,,0.0,2.0,0.0,2.0,8,26,21,8,183,421,109,353,17,17,4,9,47,54
m_3gOUak,2026-01-26,1,Tigre,t_1L8FaD,Estudiantes de Río Cuarto,t_1dhmUh,2,0,3,6,3.0,3.0,11,9,3,2,5,5,,,,,3.0,1.0,1.0,1.0,12,14,16,9,357,326,264,236,10,14,6,2,40,33
m_1tV17s,2026-01-26,2,Club Atlético Platense,t_2Swqmw,Instituto,t_2rXlDo,1,2,2,3,2.0,2.0,10,10,5,5,3,4,,,,,4.0,3.0,3.0,1.0,20,10,13,12,394,323,294,234,15,14,2,10,48,56
m_14jWEQ,2026-01-27,2,Gimnasia Mendoza,t_1g5yTJ,San Lorenzo,t_1QqhS7,0,1,4,4,1.0,2.0,13,9,3,1,6,5,,,,,0.0,1.0,,,9,12,11,12,346,251,250,142,19,19,8,9,49,51
m_45TuR8,2026-01-27,2,Vélez Sarsfield,t_2eRs85,Talleres,t_02LuKO,1,2,7,6,3.0,1.0,21,10,8,4,10,5,,,,,3.0,1.0,2.0,1.0,20,14,11,8,312,351,224,272,17,9,7,5,50,54
m_2jeBEO,2026-01-27,2,Huracán,t_2qXAzu,Independiente Rivadavia,t_0SmVI4,1,2,2,5,2.0,4.0,9,8,2,6,4,2,,,,,2.0,2.0,1.0,0.0,18,9,14,14,420,269,336,182,26,17,13,8,45,41
m_0GrdJU,2026-01-28,2,Racing Club,t_2RmaMX,Rosario Central,t_1rEb7t,2,1,2,1,4.0,4.0,6,21,3,7,2,8,,,,,1.0,1.0,,,9,26,11,16,205,484,109,397,10,9,15,7,40,43
m_2XR10W,2026-01-28,2,Atlético Tucumán,t_45vTPl,Central Córdoba de Santiago,t_2M7cot,0,0,5,2,3.0,4.0,21,3,5,2,11,1,,,,,1.0,0.0,1.0,0.0,28,5,17,14,440,266,348,165,7,14,5,10,46,46
m_01aTkm,2026-01-28,2,River Plate,t_1Fzy5s,Gimnasia LP,t_0rGDE4,0,2,4,6,2.0,3.0,3,17,1,8,1,9,,,,,1.0,2.0,1.0,2.0,5,28,11,12,255,635,172,556,24,12,13,12,45,50
m_1BPKXp,2026-01-28,2,Newell's Old Boys,t_3mLGSt,Independiente,t_1XZg6T,1,1,3,6,5.0,2.0,6,12,2,4,3,7,,,,,0.0,1.0,,,14,19,19,13,244,231,156,152,14,22,7,9,39,43
m_2kLUw0,2026-01-28,2,Aldosivi,t_2rD0OF,Barracas Central,t_3FROV0,0,0,1,3,0.0,4.0,8,8,3,3,3,4,,,,,,,,,10,14,5,16,311,433,199,344,22,19,18,12,51,61
m_431211,2026-01-29,2,Lanús,t_0rsFNq,Unión,t_0oa5Fc,2,1,5,7,3.0,1.0,15,15,6,5,6,5,,,,,3.0,1.0,2.0,1.0,25,19,7,9,522,343,435,254,24,17,12,5,54,50
m_20gfAy,2026-01-29,2,Deportivo Riestra,t_3TbOfu,Defensa y Justicia,t_1DVMAZ,1,0,3,4,3.0,5.0,5,12,3,2,2,7,,,,,1.0,2.0,0.0,2.0,11,25,10,19,293,333,195,225,10,18,9,14,49,46
m_09UPPR,2026-01-29,2,Estudiantes,t_1HsET8,Boca Juniors,t_0otcXZ,1,2,7,5,1.0,2.0,10,13,3,7,2,4,,,,,2.0,4.0,1.0,3.0,32,18,8,14,464,230,397,171,19,20,8,5,39,41
m_4XI4Tz,2026-01-29,2,Belgrano,t_2Ba0sx,Tigre,t_1L8FaD,1,1,7,1,2.0,1.0,12,6,1,3,8,2,,,,,0.0,1.0,,,24,3,6,8,441,316,355,219,17,18,10,11,50,49
m_2daQ30,2026-01-30,2,Sarmiento,t_3qkV0m,Banfield,t_0bW0AU,1,0,9,2,4.0,2.0,23,9,9,2,4,6,,,,,3.0,1.0,2.0,1.0,22,13,14,18,384,242,303,162,10,10,13,9,33,35
m_1mw3rN,2026-01-30,2,Estudiantes de Río Cuarto,t_1dhmUh,Argentinos Juniors,t_3XuEvf,0,0,6,1,0.0,2.0,11,7,3,0,5,6,,,,,1.0,0.0,1.0,0.0,23,11,13,18,652,229,563,150,12,16,15,17,47,48
m_4SzUty,2026-01-31,3,San Lorenzo,t_1QqhS7,Central Córdoba de Santiago,t_2M7cot,0,1,4,7,4.0,2.0,8,11,3,1,4,5,,,,,0.0,1.0,,,13,21,17,12,305,344,228,271,22,18,12,14,45,51
m_1jdpKo,2026-01-31,3,Independiente,t_1XZg6T,Vélez Sarsfield,t_2eRs85,1,1,6,3,1.0,1.0,12,13,5,4,4,4,,,,,3.0,1.0,2.0,1.0,22,26,14,9,294,339,179,243,27,10,8,10,54,56
m_2citFn,2026-02-01,3,Talleres,t_02LuKO,Club Atlético Platense,t_2Swqmw,1,2,6,2,2.0,4.0,12,5,2,2,7,2,,,,,0.0,1.0,,,28,8,13,10,443,303,345,221,28,9,8,16,46,50
m_2jSZpM,2026-02-01,3,Boca Juniors,t_0otcXZ,Newell's Old Boys,t_3mLGSt,2,0,2,1,3.0,3.0,8,6,5,1,3,3,,,,,2.0,1.0,0.0,1.0,22,11,14,23,401,267,319,198,17,17,7,10,49,46
m_45XhQv,2026-02-01,3,Barracas Central,t_3FROV0,Deportivo Riestra,t_3TbOfu,1,1,2,0,5.0,6.0,9,11,2,4,5,3,,,,,3.0,1.0,2.0,0.0,11,14,19,8,263,471,174,375,16,13,12,6,47,55
m_3bjCVs,2026-02-01,3,Atlético Tucumán,t_45vTPl,Huracán,t_2qXAzu,1,1,5,6,4.0,2.0,9,11,1,4,5,5,,,,,1.0,3.0,0.0,2.0,25,20,15,9,331,286,227,188,18,23,9,6,38,39
m_4aRjxN,2026-02-02,3,Rosario Central,t_1rEb7t,River Plate,t_1Fzy5s,0,0,6,3,2.0,4.0,9,17,3,4,4,7,,,,,1.0,1.0,1.0,1.0,20,16,10,16,265,521,178,439,17,12,16,9,43,43
m_0cs8S8,2026-02-02,3,Defensa y Justicia,t_1DVMAZ,Estudiantes,t_1HsET8,0,0,3,0,1.0,2.0,14,9,6,1,6,6,,,,,2.0,0.0,2.0,0.0,17,8,8,8,461,278,409,210,10,16,6,4,39,34
m_3OMXQ9,2026-02-02,3,Gimnasia LP,t_0rGDE4,Aldosivi,t_2rD0OF,3,1,1,3,1.0,2.0,14,13,6,1,7,7,,,,,3.0,2.0,1.0,1.0,12,24,13,17,345,331,276,241,14,14,10,10,42,42
m_3ACZQ9,2026-02-02,3,Tigre,t_1L8FaD,Racing Club,t_2RmaMX,1,3,7,5,4.0,0.0,12,12,3,8,8,4,,,,,4.0,4.0,4.0,2.0,15,16,13,10,407,203,354,130,12,10,9,7,33,36
m_1P4cPw,2026-02-03,3,Banfield,t_0bW0AU,Estudiantes de Río Cuarto,t_1dhmUh,2,1,4,2,2.0,2.0,14,15,4,4,7,8,,,,,2.0,2.0,1.0,1.0,35,23,7,13,322,248,225,150,26,10,6,4,55,44
m_0Xzrp8,2026-02-03,3,Unión,t_0oa5Fc,Gimnasia Mendoza,t_1g5yTJ,0,4,1,3,1.0,1.0,4,17,1,7,2,6,,,,,0.0,4.0,0.0,1.0,3,27,9,13,353,494,281,418,12,19,11,9,40,47
m_0ks99k,2026-02-03,3,Argentinos Juniors,t_3XuEvf,Belgrano,t_2Ba0sx,0,0,5,1,,,17,12,6,5,9,5,,,,,2.0,1.0,2.0,1.0,32,18,7,6,594,387,514,284,17,29,16,13,72,75
m_2PMEYZ,2026-02-04,3,Independiente Rivadavia,t_0SmVI4,Sarmiento,t_3qkV0m,1,2,1,4,3.0,0.0,16,19,7,8,6,8,,,,,2.0,4.0,1.0,2.0,20,28,10,10,401,278,309,190,14,16,4,9,48,63
m_4MfeT3,2026-02-04,3,Instituto,t_2rXlDo,Lanús,t_0rsFNq,2,2,3,3,3.0,3.0,11,11,4,7,7,2,,,,,3.0,2.0,2.0,1.0,20,10,14,15,360,379,273,304,15,9,15,9,51,39
m_21nAGO,2026-02-07,4,Racing Club,t_2RmaMX,Argentinos Juniors,t_3XuEvf,1,2,7,4,3.0,3.0,12,14,5,3,5,6,,,,,2.0,1.0,1.0,0.0,16,27,14,16,286,277,216,194,12,11,18,15,30,38
m_0k3gzI,2026-02-07,4,River Plate,t_1Fzy5s,Tigre,t_1L8FaD,1,4,7,2,2.0,4.0,17,11,5,6,5,5,,,,,1.0,3.0,1.0,1.0,17,8,9,13,544,232,457,142,16,19,4,17,52,50
m_0WCpY7,2026-02-07,4,Aldosivi,t_2rD0OF,Rosario Central,t_1rEb7t,1,1,4,7,1.0,4.0,10,15,4,4,3,7,,,,,1.0,0.0,,,16,14,10,20,500,298,429,213,17,24,7,6,59,62
m_0ofblh,2026-02-07,4,Central Córdoba de Santiago,t_2M7cot,Unión,t_0oa5Fc,1,0,3,2,1.0,2.0,9,16,3,2,5,5,,,,,3.0,1.0,2.0,1.0,16,21,11,16,404,424,328,341,16,21,10,5,49,64
m_2MVqzf,2026-02-08,4,Belgrano,t_2Ba0sx,Banfield,t_0bW0AU,0,1,1,11,2.0,4.0,6,16,3,7,1,4,,,,,2.0,1.0,2.0,1.0,9,26,9,16,296,517,234,447,17,16,10,3,39,40
m_4EpGKB,2026-02-08,4,Sarmiento,t_3qkV0m,Atlético Tucumán,t_45vTPl,2,1,3,4,3.0,6.0,12,5,6,3,5,1,,,,,5.0,1.0,4.0,0.0,24,16,18,14,300,299,207,198,16,22,12,8,54,47
m_1hisDs,2026-02-08,4,Newell's Old Boys,t_3mLGSt,Defensa y Justicia,t_1DVMAZ,3,2,1,7,1.0,4.0,4,23,3,7,1,11,,,,,3.0,3.0,0.0,1.0,10,35,14,18,217,282,130,206,22,12,16,4,38,48
m_4PxDme,2026-02-08,4,Huracán,t_2qXAzu,San Lorenzo,t_1QqhS7,1,0,1,2,3.0,7.0,8,5,3,0,4,4,,,,,2.0,0.0,1.0,0.0,9,7,17,22,281,316,174,202,19,11,8,9,45,43
m_4FfDiT,2026-02-08,4,Club Atlético Platense,t_2Swqmw,Independiente,t_1XZg6T,1,0,1,4,4.0,0.0,10,5,5,1,3,3,,,,,3.0,0.0,2.0,0.0,14,11,9,12,305,318,207,206,12,21,8,8,51,61
m_185FrI,2026-02-09,4,Gimnasia Mendoza,t_1g5yTJ,Instituto,t_2rXlDo,0,1,7,4,1.0,1.0,12,12,5,5,5,6,,,,,3.0,2.0,3.0,1.0,24,22,8,12,404,337,295,253,9,18,9,11,61,53
m_3sDDFG,2026-02-09,4,Estudiantes,t_1HsET8,Deportivo Riestra,t_3TbOfu,1,0,4,5,1.0,5.0,16,8,6,3,6,3,,,,,2.0,3.0,1.0,3.0,14,14,7,22,503,193,437,103,6,18,4,5,55,45
m_0rf9Wx,2026-02-09,4,Lanús,t_0rsFNq,Talleres,t_02LuKO,1,1,0,3,1.0,1.0,9,12,4,5,4,3,,,,,3.0,1.0,3.0,0.0,16,13,12,12,465,573,384,481,21,16,6,9,57,62
m_1Cuhf7,2026-02-09,4,Barracas Central,t_3FROV0,Gimnasia LP,t_0rGDE4,2,0,2,7,2.0,3.0,13,12,6,4,4,8,,,,,2.0,0.0,1.0,0.0,21,18,17,10,277,531,198,460,6,18,8,15,48,56
m_14fRnJ,2026-02-09,4,Vélez Sarsfield,t_2eRs85,Boca Juniors,t_0otcXZ,1,2,7,2,1.0,0.0,9,15,3,4,5,10,,,,,0.0,4.0,0.0,2.0,7,22,10,11,465,470,376,394,17,17,12,9,58,60
m_3jKKF8,2026-02-10,4,Estudiantes de Río Cuarto,t_1dhmUh,Independiente Rivadavia,t_0SmVI4,0,1,3,4,4.0,1.0,12,15,0,3,11,8,,,,,0.0,1.0,0.0,1.0,20,23,12,9,346,363,224,240,11,15,23,8,55,50
m_1H9yMb,2026-02-12,5,Tigre,t_1L8FaD,Aldosivi,t_2rD0OF,0,1,4,7,2.0,3.0,10,14,0,6,8,4,,,,,0.0,2.0,0.0,1.0,14,15,17,9,344,283,259,188,16,21,8,6,48,46
m_4CCLV7,2026-02-13,5,Independiente,t_1XZg6T,Lanús,t_0rsFNq,0,2,1,7,2.0,4.0,5,17,0,3,4,7,,,,,0.0,2.0,0.0,1.0,12,24,14,18,379,362,290,286,16,14,11,10,40,45
m_064D4L,2026-02-13,5,Argentinos Juniors,t_3XuEvf,River Plate,t_1Fzy5s,1,0,1,1,0.0,4.0,14,9,5,1,5,4,,,,,0.0,2.0,0.0,2.0,21,24,9,17,402,433,299,323,19,19,10,9,60,57
m_0Wq4zM,2026-02-14,5,Defensa y Justicia,t_1DVMAZ,Vélez Sarsfield,t_2eRs85,1,1,5,1,2.0,2.0,6,12,2,2,1,10,,,,,1.0,1.0,1.0,0.0,11,26,14,10,290,564,213,465,18,14,19,3,55,56
m_3g6NsD,2026-02-14,5,Banfield,t_0bW0AU,Racing Club,t_2RmaMX,0,2,8,3,1.0,5.0,11,11,2,5,5,3,,,,,0.0,2.0,0.0,1.0,16,11,7,14,277,390,184,305,17,19,8,16,42,46
m_0TuvMr,2026-02-14,5,Unión,t_0oa5Fc,San Lorenzo,t_1QqhS7,0,0,6,1,1.0,5.0,23,5,6,3,12,2,,,,,8.0,2.0,8.0,2.0,32,14,10,14,334,291,245,195,13,21,8,8,52,51
m_2a1a7F,2026-02-14,5,Talleres,t_02LuKO,Gimnasia Mendoza,t_1g5yTJ,1,2,2,4,1.0,2.0,8,13,5,6,3,3,,,,,4.0,2.0,3.0,2.0,11,15,14,12,286,486,204,397,28,24,11,6,45,54
m_0cdzvY,2026-02-14,5,Huracán,t_2qXAzu,Sarmiento,t_3qkV0m,0,1,2,6,7.0,2.0,3,9,0,4,2,4,,,,,0.0,2.0,0.0,1.0,5,18,23,10,265,310,171,223,12,9,8,10,39,47
m_2wlvcQ,2026-02-15,5,Gimnasia LP,t_0rGDE4,Estudiantes,t_1HsET8,0,0,6,4,3.0,2.0,14,11,4,2,8,3,,,,,3.0,1.0,3.0,1.0,26,13,13,14,428,292,369,228,20,16,6,6,39,49
m_31Xzsf,2026-02-15,5,Boca Juniors,t_0otcXZ,Club Atlético Platense,t_2Swqmw,0,0,1,2,1.0,1.0,10,14,3,1,5,10,,,,,3.0,0.0,3.0,0.0,14,7,6,12,524,299,425,210,22,22,12,9,58,62
m_37CuJS,2026-02-15,5,Atlético Tucumán,t_45vTPl,Estudiantes de Río Cuarto,t_1dhmUh,4,0,7,2,1.0,3.0,18,5,7,0,8,3,,,,,7.0,0.0,3.0,0.0,18,10,13,11,266,279,176,172,10,11,20,16,49,34
m_4RVX9V,2026-02-15,5,Independiente Rivadavia,t_0SmVI4,Belgrano,t_2Ba0sx,1,0,5,8,2.0,2.0,11,16,3,3,5,11,,,,,2.0,3.0,1.0,3.0,17,23,12,14,355,315,288,244,16,13,8,7,52,56
m_3C7F2J,2026-02-16,5,Instituto,t_2rXlDo,Central Córdoba de Santiago,t_2M7cot,0,2,5,3,5.0,3.0,8,11,0,2,4,5,,,,,0.0,3.0,0.0,1.0,8,22,18,22,323,271,233,177,7,11,14,9,35,46
m_1CzDvn,2026-02-16,5,Deportivo Riestra,t_3TbOfu,Newell's Old Boys,t_3mLGSt,1,1,4,4,3.0,3.0,7,16,4,5,3,5,,,,,1.0,4.0,0.0,3.0,13,36,6,17,278,276,162,152,20,12,4,16,56,54
m_2HMWiS,2026-02-16,5,Rosario Central,t_1rEb7t,Barracas Central,t_3FROV0,2,0,3,0,1.0,3.0,19,3,7,3,10,0,,,,,5.0,0.0,3.0,0.0,30,1,11,16,528,274,456,201,25,17,19,7,63,49
m_2kYA49,2026-02-20,6,Estudiantes,t_1HsET8,Sarmiento,t_3qkV0m,1,0,4,4,4.0,4.0,12,12,7,3,5,4,,,,,1.0,1.0,0.0,1.0,16,23,14,8,274,389,198,315,17,15,6,7,52,45
m_2MNUQn,2026-02-20,6,Instituto,t_2rXlDo,Atlético Tucumán,t_45vTPl,1,2,2,4,7.0,0.0,7,15,1,3,4,6,,,,,2.0,3.0,1.0,1.0,12,25,14,9,220,399,130,292,13,24,10,11,43,50
m_0WMvJY,2026-02-20,6,Boca Juniors,t_0otcXZ,Racing Club,t_2RmaMX,0,0,8,3,2.0,5.0,4,6,0,2,2,2,,,,,1.0,0.0,1.0,0.0,14,13,12,15,310,354,204,264,23,17,15,8,55,52
m_16ojkM,2026-02-20,6,Defensa y Justicia,t_1DVMAZ,Belgrano,t_2Ba0sx,1,1,5,3,2.0,3.0,11,13,3,3,6,8,,,,,3.0,2.0,2.0,2.0,12,20,7,9,448,341,375,258,15,19,13,14,45,42
m_2M8Y8t,2026-02-21,6,Rosario Central,t_1rEb7t,Talleres,t_02LuKO,0,1,12,2,3.0,4.0,14,8,4,4,5,1,,,,,1.0,1.0,1.0,0.0,28,9,9,18,484,236,405,163,20,20,13,13,51,55
m_49Gg2q,2026-02-21,6,Independiente Rivadavia,t_0SmVI4,Independiente,t_1XZg6T,2,3,9,3,0.0,2.0,17,18,5,5,10,8,,,,,2.0,5.0,1.0,3.0,23,30,6,11,384,232,300,153,20,18,6,11,31,38
m_0aYpab,2026-02-21,6,Deportivo Riestra,t_3TbOfu,Huracán,t_2qXAzu,0,0,3,8,3.0,5.0,7,9,3,2,3,2,,,,,,,,,14,18,10,21,268,278,172,168,6,15,7,7,44,43
m_4dWdyt,2026-02-21,6,Banfield,t_0bW0AU,Newell's Old Boys,t_3mLGSt,0,3,2,4,3.0,3.0,10,17,2,9,7,6,,,,,2.0,3.0,2.0,1.0,18,23,18,15,235,255,157,184,24,27,7,7,52,51
m_13pMsz,2026-02-21,6,Club Atlético Platense,t_2Swqmw,Barracas Central,t_3FROV0,0,1,1,4,1.0,4.0,6,14,3,7,2,5,,,,,0.0,3.0,0.0,2.0,11,26,17,16,290,508,198,430,15,18,8,8,61,56
m_3TfM13,2026-02-21,6,Gimnasia Mendoza,t_1g5yTJ,Gimnasia LP,t_0rGDE4,1,0,4,7,4.0,3.0,9,26,2,6,5,16,,,,,2.0,2.0,1.0,2.0,16,31,16,10,315,433,225,358,14,9,8,13,50,45
m_4JeqYL,2026-02-22,6,Vélez Sarsfield,t_2eRs85,River Plate,t_1Fzy5s,0,1,7,5,3.0,1.0,12,9,5,4,5,2,,,,,2.0,1.0,2.0,1.0,20,9,14,9,569,327,448,198,21,25,12,12,66,77
m_10l4Ew,2026-02-22,6,Central Córdoba de Santiago,t_2M7cot,Tigre,t_1L8FaD,0,0,4,6,8.0,1.0,14,16,1,3,11,9,,,,,0.0,1.0,0.0,1.0,13,19,19,10,297,463,234,382,12,21,11,13,50,51
m_48r2a7,2026-02-22,6,San Lorenzo,t_1QqhS7,Estudiantes de Río Cuarto,t_1dhmUh,2,0,3,6,2.0,3.0,8,11,6,4,1,4,,,,,1.0,0.0,,,11,21,13,13,350,351,271,254,19,15,10,8,53,52
m_4P2osf,2026-02-23,6,Unión,t_0oa5Fc,Aldosivi,t_2rD0OF,0,1,4,1,3.0,3.0,12,20,3,6,4,9,,,,,1.0,2.0,1.0,1.0,16,35,9,14,390,336,290,262,20,16,15,15,49,59
m_2YNGA5,2026-02-24,7,San Lorenzo,t_1QqhS7,Instituto,t_2rXlDo,1,1,6,0,2.0,1.0,15,11,6,3,6,6,,,,,1.0,2.0,1.0,1.0,15,18,10,6,315,426,222,344,24,22,5,7,56,42
m_42bvJB,2026-02-24,7,Central Córdoba de Santiago,t_2M7cot,Talleres,t_02LuKO,2,0,1,2,3.0,1.0,9,11,3,2,5,6,,,,,0.0,1.0,0.0,1.0,10,17,11,8,292,484,204,404,22,18,13,7,52,49
m_1pWCHs,2026-02-24,7,Club Atlético Platense,t_2Swqmw,Defensa y Justicia,t_1DVMAZ,0,0,3,5,2.0,2.0,9,10,2,1,5,4,,,,,2.0,1.0,2.0,1.0,11,18,7,7,390,357,324,287,22,14,2,9,53,53
m_2dkzXZ,2026-02-25,7,Barracas Central,t_3FROV0,Tigre,t_1L8FaD,2,1,0,2,4.0,1.0,11,15,5,6,5,7,,,,,1.0,2.0,0.0,1.0,15,14,18,12,391,327,305,253,17,13,11,12,56,51
m_0rdClw,2026-02-25,7,Vélez Sarsfield,t_2eRs85,Deportivo Riestra,t_3TbOfu,0,0,4,3,3.0,3.0,12,10,3,4,5,5,,,,,0.0,2.0,0.0,2.0,17,11,11,18,583,240,478,145,22,23,8,13,57,62
m_1j8XKc,2026-02-25,7,Gimnasia LP,t_0rGDE4,Rosario Central,t_1rEb7t,2,1,3,6,3.0,4.0,9,13,2,6,5,4,,,,,1.0,5.0,1.0,4.0,15,18,20,14,467,365,390,293,23,25,8,9,52,48
m_4GDLN6,2026-02-25,7,Belgrano,t_2Ba0sx,Atlético Tucumán,t_45vTPl,3,1,0,5,3.0,1.0,11,11,4,2,4,6,,,,,3.0,1.0,1.0,0.0,23,10,12,14,383,375,290,290,18,29,7,12,54,46
m_4Hyhnt,2026-02-25,7,Gimnasia Mendoza,t_1g5yTJ,Independiente,t_1XZg6T,1,1,4,5,5.0,1.0,8,6,3,4,2,1,,,,,,,,,16,15,11,12,394,343,292,227,20,14,6,12,56,46
m_2byNvS,2026-02-25,7,Newell's Old Boys,t_3mLGSt,Estudiantes,t_1HsET8,2,0,3,2,1.0,2.0,17,14,7,1,7,10,,,,,4.0,1.0,4.0,1.0,18,15,12,11,473,273,410,203,13,18,7,5,51,52
m_25L4uT,2026-02-26,7,River Plate,t_1Fzy5s,Banfield,t_0bW0AU,1,3,3,6,2.0,1.0,6,25,2,8,4,13,,,,,1.0,2.0,,,13,26,13,15,280,537,184,443,22,22,9,16,50,56
m_0cS0mC,2026-02-26,7,Sarmiento,t_3qkV0m,Unión,t_0oa5Fc,1,3,7,2,4.0,4.0,14,16,6,8,5,5,,,,,3.0,2.0,2.0,1.0,27,23,14,17,451,276,365,162,11,33,15,10,64,56
m_2ASJLP,2026-02-26,7,Racing Club,t_2RmaMX,Independiente Rivadavia,t_0SmVI4,1,1,7,2,3.0,3.0,13,9,4,2,7,5,,,,,1.0,1.0,,,11,5,9,11,392,357,312,253,11,12,11,10,46,54
m_0JTPFi,2026-02-26,7,Estudiantes de Río Cuarto,t_1dhmUh,Huracán,t_2qXAzu,0,2,5,6,6.0,3.0,10,18,2,7,7,9,,,,,1.0,5.0,1.0,3.0,16,14,10,13,457,246,370,173,15,14,3,9,43,51
m_3ZmoAF,2026-02-28,8,Boca Juniors,t_0otcXZ,Gimnasia Mendoza,t_1g5yTJ,1,1,9,3,3.0,4.0,19,6,5,3,10,1,,,,,2.0,0.0,2.0,0.0,30,5,11,17,575,247,488,150,20,20,6,14,66,68
m_2FKyoL,2026-02-28,8,Independiente,t_1XZg6T,Central Córdoba de Santiago,t_2M7cot,2,0,11,2,1.0,1.0,28,7,8,2,11,4,,,,,3.0,0.0,3.0,0.0,53,7,7,15,523,192,431,117,14,17,8,12,48,42
m_3CjTLG,2026-03-01,8,Talleres,t_02LuKO,San Lorenzo,t_1QqhS7,0,0,12,6,1.0,3.0,15,11,6,5,7,3,,,,,2.0,1.0,2.0,1.0,22,12,12,10,363,271,272,191,21,10,7,14,54,47
m_15JkYD,2026-03-01,8,Instituto,t_2rXlDo,Unión,t_0oa5Fc,1,2,5,2,4.0,1.0,8,7,2,3,4,2,,,,,2.0,3.0,1.0,1.0,15,11,14,13,493,283,396,194,11,8,10,8,43,47
m_2sHWPe,2026-03-01,8,Newell's Old Boys,t_3mLGSt,Rosario Central,t_1rEb7t,2,0,8,1,3.0,2.0,11,7,6,2,3,1,,,,,4.0,1.0,2.0,1.0,22,19,7,24,419,257,330,167,19,14,9,10,50,52
m_3FQmVY,2026-03-01,8,Argentinos Juniors,t_3XuEvf,Barracas Central,t_3FROV0,1,1,1,7,2.0,1.0,13,19,5,8,4,9,,,,,0.0,2.0,0.0,1.0,8,25,8,8,231,584,135,497,15,12,15,9,52,62
m_3WwAlG,2026-03-02,8,Estudiantes,t_1HsET8,Vélez Sarsfield,t_2eRs85,0,1,9,4,5.0,4.0,12,9,2,1,2,8,,,,,1.0,2.0,1.0,1.0,23,16,13,16,415,316,346,245,20,14,10,9,60,59
m_2hRZh7,2026-03-02,8,Deportivo Riestra,t_3TbOfu,Club Atlético Platense,t_2Swqmw,0,0,4,6,2.0,4.0,9,8,3,4,5,1,,,,,1.0,4.0,1.0,4.0,13,15,12,14,391,268,293,165,17,9,13,13,66,62
m_32VFMh,2026-03-02,8,Defensa y Justicia,t_1DVMAZ,Lanús,t_0rsFNq,1,1,4,5,2.0,2.0,13,10,5,3,7,5,,,,,1.0,2.0,1.0,2.0,16,20,8,10,420,534,342,454,21,17,9,12,58,63
m_4QwFk6,2026-03-02,8,Tigre,t_1L8FaD,Gimnasia LP,t_0rGDE4,2,2,2,9,5.0,1.0,5,21,3,6,2,10,,,,,2.0,3.0,1.0,2.0,10,31,18,9,327,342,240,254,33,24,8,12,52,57
m_1IrvXt,2026-03-03,8,Independiente Rivadavia,t_0SmVI4,River Plate,t_1Fzy5s,1,1,2,2,3.0,0.0,12,12,3,5,6,5,,,,,1.0,2.0,0.0,2.0,13,14,10,13,577,233,486,153,12,18,11,12,41,48
m_3B5PeK,2026-03-03,8,Sarmiento,t_3qkV0m,Estudiantes de Río Cuarto,t_1dhmUh,1,0,6,8,4.0,2.0,12,10,3,2,4,7,,,,,1.0,1.0,0.0,1.0,19,20,18,12,348,307,255,207,16,25,7,9,48,40
m_0KBmAa,2026-03-03,8,Banfield,t_0bW0AU,Aldosivi,t_2rD0OF,2,0,5,4,3.0,1.0,14,14,2,0,8,8,,,,,3.0,0.0,3.0,0.0,21,22,14,7,234,451,155,355,19,22,11,8,48,39
m_2obGmX,2026-03-03,8,Huracán,t_2qXAzu,Belgrano,t_2Ba0sx,3,1,3,3,2.0,2.0,20,9,7,2,8,6,,,,,2.0,1.0,2.0,1.0,24,10,12,11,396,369,325,300,26,10,11,11,50,50
m_1DDmUV,2026-03-04,8,Atlético Tucumán,t_45vTPl,Racing Club,t_2RmaMX,3,0,6,7,4.0,1.0,11,14,4,4,3,6,,,,,3.0,2.0,0.0,2.0,20,27,15,9,338,282,262,185,15,19,12,6,43,38
m_3bNpUp,2026-03-05,7,Lanús,t_0rsFNq,Boca Juniors,t_0otcXZ,0,3,8,1,3.0,3.0,9,11,2,5,5,4,,,,,1.0,2.0,1.0,0.0,16,17,9,8,476,532,390,441,5,24,9,9,55,55
m_433Hpb,2026-03-10,10,Independiente,t_1XZg6T,Unión,t_0oa5Fc,4,4,7,3,2.0,0.0,13,9,7,6,4,3,,,,,5.0,4.0,2.0,1.0,29,18,12,10,374,291,277,195,22,19,6,7,49,56
m_4GHjNn,2026-03-10,10,Tigre,t_1L8FaD,Vélez Sarsfield,t_2eRs85,1,1,3,4,5.0,3.0,9,16,5,4,1,10,,,,,1.0,1.0,0.0,1.0,18,26,12,16,439,294,340,199,12,17,7,14,52,56
m_0EJRQi,2026-03-11,10,Boca Juniors,t_0otcXZ,San Lorenzo,t_1QqhS7,1,1,1,2,3.0,3.0,11,4,3,2,8,2,,,,,1.0,2.0,1.0,1.0,23,11,8,14,509,217,429,141,15,20,6,15,42,44
m_1WKjOD,2026-03-11,10,Argentinos Juniors,t_3XuEvf,Rosario Central,t_1rEb7t,0,0,5,5,1.0,3.0,11,12,4,2,4,6,,,,,2.0,1.0,2.0,1.0,15,18,12,11,344,488,263,386,11,12,12,11,58,63
m_2bEX07,2026-03-11,10,Banfield,t_0bW0AU,Gimnasia LP,t_0rGDE4,1,2,8,3,6.0,4.0,18,13,5,6,7,5,,,,,1.0,2.0,1.0,1.0,29,12,12,6,385,346,312,263,10,25,5,8,52,58
m_1vnmx3,2026-03-11,10,Sarmiento,t_3qkV0m,Racing Club,t_2RmaMX,0,0,3,4,2.0,4.0,8,9,3,5,3,4,,,,,1.0,0.0,1.0,0.0,7,12,8,14,337,313,248,226,16,16,12,10,37,45
m_0njgmB,2026-03-11,10,Newell's Old Boys,t_3mLGSt,Club Atlético Platense,t_2Swqmw,1,1,6,5,2.0,4.0,19,6,7,3,10,1,,,,,4.0,2.0,3.0,2.0,33,15,14,17,438,240,343,161,11,28,9,10,54,55
m_2mbzIF,2026-03-12,10,Deportivo Riestra,t_3TbOfu,Gimnasia Mendoza,t_1g5yTJ,0,0,2,7,3.0,3.0,7,14,2,7,3,3,,,,,,,,,5,32,13,20,258,314,149,164,13,33,17,11,66,65
m_3FHq0X,2026-03-12,10,Defensa y Justicia,t_1DVMAZ,Central Córdoba de Santiago,t_2M7cot,1,1,5,2,3.0,2.0,11,8,6,5,4,3,,,,,2.0,3.0,1.0,2.0,19,14,14,10,422,326,357,266,14,20,9,5,47,45
m_1DO56u,2026-03-12,10,Independiente Rivadavia,t_0SmVI4,Barracas Central,t_3FROV0,2,1,1,6,4.0,6.0,8,22,3,11,3,8,,,,,2.0,2.0,0.0,1.0,7,28,11,9,203,513,125,445,10,10,10,7,42,55
m_0RZpdm,2026-03-12,10,Talleres,t_02LuKO,Instituto,t_2rXlDo,0,2,8,1,4.0,6.0,17,5,5,3,8,2,,,,,2.0,1.0,2.0,0.0,25,6,18,10,410,295,333,211,15,17,11,7,58,48
m_3yk8on,2026-03-12,10,Atlético Tucumán,t_45vTPl,Aldosivi,t_2rD0OF,1,1,11,5,3.0,1.0,17,7,5,1,10,2,,,,,3.0,1.0,2.0,0.0,24,9,10,18,415,245,291,137,9,17,5,17,42,45
m_3oaL0D,2026-03-12,10,Estudiantes de Río Cuarto,t_1dhmUh,Belgrano,t_2Ba0sx,1,0,2,8,2.0,1.0,8,16,1,2,4,10,,,,,1.0,0.0,,,17,21,10,4,350,382,245,268,26,20,11,9,61,68
m_2rfIEE,2026-03-13,10,Estudiantes,t_1HsET8,Lanús,t_0rsFNq,0,1,7,5,3.0,2.0,17,7,3,2,6,2,,,,,0.0,1.0,,,17,19,7,13,502,377,427,309,13,10,8,10,42,46
m_2e6Rvv,2026-03-13,10,Huracán,t_2qXAzu,River Plate,t_1Fzy5s,1,2,4,4,6.0,3.0,15,10,5,7,8,1,,,,,3.0,6.0,2.0,4.0,24,15,11,10,286,438,215,366,10,16,5,12,46,38
m_3WrGF3,2026-03-14,11,Club Atlético Platense,t_2Swqmw,Vélez Sarsfield,t_2eRs85,0,2,4,7,1.0,3.0,14,14,4,6,6,7,,,,,1.0,3.0,1.0,3.0,19,13,11,9,379,371,287,265,14,28,18,12,60,68
m_1fJ2Fa,2026-03-15,11,River Plate,t_1Fzy5s,Sarmiento,t_3qkV0m,0,2,2,10,5.0,1.0,2,34,1,12,0,11,,,,,0.0,8.0,0.0,7.0,9,29,15,11,186,692,105,614,16,11,14,3,41,44
m_0FP8kh,2026-03-15,11,Rosario Central,t_1rEb7t,Banfield,t_0bW0AU,2,1,6,0,3.0,1.0,21,7,6,2,9,3,,,,,3.0,1.0,2.0,1.0,29,10,10,12,587,233,508,156,27,24,9,16,49,50
m_4KLddA,2026-03-15,11,Gimnasia LP,t_0rGDE4,Independiente Rivadavia,t_0SmVI4,2,3,4,2,5.0,2.0,9,13,3,3,4,7,,,,,0.0,3.0,0.0,1.0,12,14,12,11,356,388,284,317,18,11,5,11,44,53
m_3W9CKi,2026-03-15,11,Belgrano,t_2Ba0sx,Talleres,t_02LuKO,0,0,1,3,3.0,1.0,8,11,0,2,5,3,,,,,,,,,18,10,17,16,283,312,209,243,21,17,5,7,52,54
m_2vu8vn,2026-03-16,11,Aldosivi,t_2rD0OF,Huracán,t_2qXAzu,0,0,4,4,3.0,2.0,14,12,4,2,7,6,,,,,,,,,17,17,12,17,436,280,344,188,16,17,11,11,44,51
m_2pi43m,2026-03-16,11,San Lorenzo,t_1QqhS7,Defensa y Justicia,t_1DVMAZ,5,2,2,9,2.0,1.0,11,17,6,6,4,6,,,,,6.0,3.0,1.0,1.0,18,31,7,5,387,407,322,341,19,17,10,8,42,37
m_2yIwhJ,2026-03-16,11,Tigre,t_1L8FaD,Argentinos Juniors,t_3XuEvf,1,1,2,1,5.0,2.0,8,6,3,3,3,3,,,,,3.0,2.0,2.0,1.0,17,14,16,15,549,288,468,197,11,7,8,15,51,55
m_1jmmXo,2026-03-16,11,Racing Club,t_2RmaMX,Estudiantes de Río Cuarto,t_1dhmUh,2,0,3,1,1.0,3.0,22,3,3,0,13,3,,,,,6.0,0.0,4.0,0.0,33,0,12,13,450,364,366,283,24,15,9,6,39,37
m_1ifuZW,2026-03-16,11,Unión,t_0oa5Fc,Boca Juniors,t_0otcXZ,1,1,4,5,3.0,2.0,16,14,6,3,7,7,,,,,2.0,0.0,2.0,0.0,25,14,8,7,552,339,472,266,24,9,10,14,49,50
m_0yVlJb,2026-03-16,11,Barracas Central,t_3FROV0,Atlético Tucumán,t_45vTPl,2,1,1,3,1.0,5.0,9,13,3,3,5,8,,,,,,,,,8,13,8,14,349,418,256,342,9,12,6,12,39,44
m_4WxmC2,2026-03-17,11,Instituto,t_2rXlDo,Independiente,t_1XZg6T,2,1,3,8,6.0,3.0,11,12,4,4,4,5,,,,,3.0,1.0,2.0,1.0,18,26,20,12,226,403,155,333,17,10,7,7,45,47
m_1sCl2u,2026-03-17,11,Lanús,t_0rsFNq,Newell's Old Boys,t_3mLGSt,5,0,7,0,2.0,0.0,14,5,7,2,3,2,,,,,5.0,0.0,2.0,0.0,25,8,12,7,565,330,514,276,14,18,1,7,45,37
m_1JvU76,2026-03-18,11,Central Córdoba de Santiago,t_2M7cot,Deportivo Riestra,t_3TbOfu,1,0,2,3,0.0,4.0,4,11,2,4,2,1,,,,,1.0,1.0,0.0,1.0,10,23,7,14,354,323,264,211,21,15,7,13,51,45
m_2XIz1k,2026-03-18,11,Gimnasia Mendoza,t_1g5yTJ,Estudiantes,t_1HsET8,2,1,3,4,5.0,2.0,10,13,6,2,3,7,,,,,2.0,1.0,1.0,0.0,24,19,17,10,446,314,364,238,29,17,8,8,49,42
m_2gIXlp,2026-03-21,12,Newell's Old Boys,t_3mLGSt,Gimnasia Mendoza,t_1g5yTJ,1,0,6,5,3.0,7.0,16,10,5,3,5,3,,,,,1.0,0.0,,,25,14,13,15,381,289,326,210,14,18,10,2,53,49
m_1c7isO,2026-03-21,12,Atlético Tucumán,t_45vTPl,Gimnasia LP,t_0rGDE4,1,0,6,4,2.0,6.0,16,10,2,1,9,4,,,,,1.0,0.0,,,16,23,12,14,270,474,180,383,21,16,8,9,51,40
m_1CaySw,2026-03-21,12,Vélez Sarsfield,t_2eRs85,Lanús,t_0rsFNq,1,0,2,4,3.0,1.0,16,10,7,5,6,5,,,,,,,,,21,18,18,12,340,491,238,395,14,18,7,12,57,54
m_41GmcC,2026-03-21,12,Independiente,t_1XZg6T,Talleres,t_02LuKO,1,2,6,5,1.0,2.0,16,8,4,4,10,2,,,,,3.0,3.0,2.0,1.0,34,10,8,16,363,347,267,253,22,15,7,10,61,54
m_1hukZb,2026-03-21,12,Defensa y Justicia,t_1DVMAZ,Unión,t_0oa5Fc,2,0,5,6,1.0,3.0,10,19,6,4,2,10,,,,,3.0,1.0,1.0,1.0,13,33,9,12,290,490,228,421,10,12,10,5,40,47
m_3Ol2iT,2026-03-21,12,Banfield,t_0bW0AU,Tigre,t_1L8FaD,0,1,7,3,3.0,4.0,22,12,4,5,12,6,,,,,2.0,1.0,2.0,0.0,29,15,12,14,513,190,407,106,12,31,8,5,55,49
m_49lsqf,2026-03-22,12,Sarmiento,t_3qkV0m,Aldosivi,t_2rD0OF,2,0,5,7,3.0,3.0,10,12,4,2,4,7,,,,,2.0,0.0,,,22,26,8,8,279,381,195,297,10,13,6,5,37,44
m_38Dq9r,2026-03-22,12,Estudiantes de Río Cuarto,t_1dhmUh,River Plate,t_1Fzy5s,2,0,7,5,2.0,2.0,9,7,3,1,2,1,,,,,2.0,0.0,,,16,17,8,7,401,300,338,215,15,18,8,8,55,50
m_3rFQnJ,2026-03-22,12,Belgrano,t_2Ba0sx,Racing Club,t_2RmaMX,2,1,2,8,4.0,3.0,7,13,4,5,3,4,,,,,4.0,3.0,3.0,3.0,11,24,17,8,413,345,313,255,17,12,7,9,47,52
m_3kkhBc,2026-03-22,12,Boca Juniors,t_0otcXZ,Instituto,t_2rXlDo,2,0,7,6,0.0,2.0,18,12,5,5,7,6,,,,,5.0,1.0,4.0,1.0,33,24,3,10,609,267,539,194,13,9,8,7,40,46
m_0d5xg9,2026-03-23,12,Estudiantes,t_1HsET8,Central Córdoba de Santiago,t_2M7cot,5,0,8,4,2.0,3.0,25,4,13,1,6,0,,,,,6.0,0.0,2.0,0.0,33,9,10,13,415,338,344,252,9,17,11,9,48,44
m_3SxiDH,2026-03-23,12,Independiente Rivadavia,t_0SmVI4,Rosario Central,t_1rEb7t,0,2,3,3,2.0,0.0,13,8,3,4,8,4,,,,,2.0,2.0,2.0,1.0,22,10,10,14,533,212,469,146,11,14,13,8,46,38
m_1Y4U8l,2026-03-23,12,Argentinos Juniors,t_3XuEvf,Club Atlético Platense,t_2Swqmw,0,1,3,4,5.0,2.0,9,22,1,4,4,11,,,,,1.0,1.0,1.0,0.0,9,21,14,13,218,485,117,380,27,17,10,5,41,55
m_1Klahn,2026-03-24,12,Huracán,t_2qXAzu,Barracas Central,t_3FROV0,0,0,5,7,1.0,2.0,5,15,1,4,3,10,,,,,2.0,1.0,2.0,1.0,10,21,14,9,239,532,151,448,19,13,12,12,55,62
m_0idF82,2026-03-25,12,Deportivo Riestra,t_3TbOfu,San Lorenzo,t_1QqhS7,1,1,4,2,1.0,2.0,7,9,2,2,4,4,,,,,2.0,1.0,2.0,0.0,11,16,14,14,425,226,320,127,11,22,10,2,48,51
m_1c9W0N,2026-03-27,6,Argentinos Juniors,t_3XuEvf,Lanús,t_0rsFNq,1,2,1,7,4.0,2.0,11,16,1,5,7,6,,,,,2.0,3.0,1.0,1.0,16,32,14,10,350,576,255,493,13,14,12,13,50,55
m_3hUrMw,2026-03-31,7,Aldosivi,t_2rD0OF,Argentinos Juniors,t_3XuEvf,0,2,2,6,3.0,2.0,11,5,5,4,3,1,,,,,1.0,3.0,1.0,1.0,11,16,14,11,228,702,158,618,24,20,17,5,53,50
m_4fH8lA,2026-04-01,13,Lanús,t_0rsFNq,Club Atlético Platense,t_2Swqmw,0,0,1,2,1.0,2.0,12,3,1,0,6,1,,,,,1.0,0.0,1.0,0.0,19,4,6,11,525,371,443,292,14,20,9,12,52,54
m_41Dxbo,2026-04-02,13,Tigre,t_1L8FaD,Independiente Rivadavia,t_0SmVI4,0,2,2,5,1.0,2.0,18,13,7,4,6,3,,,,,3.0,1.0,3.0,0.0,19,17,14,16,317,350,239,263,21,16,10,9,50,59
m_03csNA,2026-04-02,13,Barracas Central,t_3FROV0,Sarmiento,t_3qkV0m,2,1,1,5,3.0,0.0,13,14,3,3,8,8,,,,,3.0,2.0,2.0,1.0,21,20,14,12,490,422,414,355,19,14,3,7,44,50
m_24NuK9,2026-04-02,13,Talleres,t_02LuKO,Boca Juniors,t_0otcXZ,1,0,3,6,2.0,2.0,8,15,2,1,4,11,,,,,1.0,0.0,,,11,20,7,9,445,396,379,337,25,15,6,4,41,43
m_1wLnDu,2026-04-03,13,Unión,t_0oa5Fc,Deportivo Riestra,t_3TbOfu,0,2,0,9,3.0,2.0,8,26,5,9,1,10,,,,,1.0,3.0,1.0,1.0,13,29,17,10,201,506,116,424,13,6,10,7,52,59
m_0IMWj8,2026-04-03,13,San Lorenzo,t_1QqhS7,Estudiantes,t_1HsET8,0,1,3,4,4.0,4.0,13,10,5,5,7,3,,,,,1.0,2.0,1.0,2.0,21,18,15,14,450,340,372,255,17,28,4,15,68,63
m_1tC6eA,2026-04-03,13,Gimnasia Mendoza,t_1g5yTJ,Vélez Sarsfield,t_2eRs85,3,2,4,0,2.0,2.0,16,11,9,3,5,6,,,,,2.0,3.0,1.0,2.0,20,16,12,12,360,471,286,375,15,19,13,5,61,65
m_3pnBbL,2026-04-04,13,Aldosivi,t_2rD0OF,Estudiantes de Río Cuarto,t_1dhmUh,0,0,6,10,5.0,2.0,11,13,3,2,7,6,,,,,2.0,2.0,2.0,2.0,22,21,16,11,241,472,148,374,13,9,12,7,53,61
m_3qEFO6,2026-04-04,13,Independiente,t_1XZg6T,Racing Club,t_2RmaMX,1,0,6,4,2.0,3.0,8,10,3,1,1,6,,,,,1.0,1.0,0.0,1.0,17,19,9,15,258,287,157,175,10,20,6,9,47,50
m_2k76Cm,2026-04-05,13,Gimnasia LP,t_0rGDE4,Huracán,t_2qXAzu,3,0,5,8,4.0,1.0,10,25,5,5,1,16,,,,,3.0,4.0,1.0,4.0,19,36,19,6,281,562,190,481,15,15,4,14,50,59
m_0QgN6d,2026-04-05,13,Rosario Central,t_1rEb7t,Atlético Tucumán,t_45vTPl,2,1,5,6,3.0,1.0,18,17,8,4,9,8,,,,,5.0,4.0,4.0,3.0,28,16,12,13,460,217,384,154,15,15,7,7,40,36
m_0S9hu2,2026-04-05,13,Central Córdoba de Santiago,t_2M7cot,Newell's Old Boys,t_3mLGSt,1,3,3,2,3.0,0.0,6,14,2,5,3,7,,,,,1.0,4.0,0.0,1.0,9,19,16,10,310,513,215,426,17,18,11,14,49,55
m_0X7bQS,2026-04-05,13,River Plate,t_1Fzy5s,Belgrano,t_2Ba0sx,3,0,8,1,2.0,2.0,20,9,5,3,11,4,,,,,6.0,1.0,3.0,1.0,22,14,15,10,524,259,441,184,22,17,10,11,52,40
m_1ABinW,2026-04-06,13,Argentinos Juniors,t_3XuEvf,Banfield,t_0bW0AU,2,3,1,9,2.0,1.0,9,17,3,7,4,5,,,,,1.0,1.0,0.0,1.0,10,19,10,9,259,556,194,490,25,15,18,8,54,51
m_2NfZWl,2026-04-07,13,Instituto,t_2rXlDo,Defensa y Justicia,t_1DVMAZ,0,2,5,5,2.0,1.0,9,14,3,3,6,7,,,,,0.0,3.0,0.0,1.0,14,20,7,13,479,304,401,208,16,31,12,9,50,60
m_4fxT6w,2026-04-11,14,Estudiantes,t_1HsET8,Unión,t_0oa5Fc,2,1,4,6,5.0,5.0,10,12,3,2,5,6,,,,,3.0,2.0,1.0,1.0,17,15,17,14,487,285,403,196,16,12,10,11,50,45
m_0g9Wn1,2026-04-11,14,Deportivo Riestra,t_3TbOfu,Instituto,t_2rXlDo,0,1,7,5,1.0,4.0,14,16,4,6,4,7,,,,,2.0,2.0,2.0,1.0,37,18,12,15,332,307,188,196,16,14,10,12,55,52
m_0sFzNT,2026-04-11,14,Independiente Rivadavia,t_0SmVI4,Argentinos Juniors,t_3XuEvf,1,3,4,5,4.0,4.0,7,11,1,7,6,4,,,,,1.0,2.0,,,9,21,17,13,395,336,325,270,18,17,3,7,45,53
m_4OXsD0,2026-04-11,14,Belgrano,t_2Ba0sx,Aldosivi,t_2rD0OF,1,0,3,2,0.0,6.0,15,9,1,4,7,5,,,,,1.0,2.0,0.0,2.0,15,12,6,19,452,191,398,133,15,25,7,5,40,41
m_1uocnY,2026-04-11,14,Boca Juniors,t_0otcXZ,Independiente,t_1XZg6T,1,1,3,3,3.0,0.0,9,12,1,5,5,5,,,,,1.0,4.0,1.0,3.0,12,26,17,7,350,558,242,469,10,18,8,21,64,63
m_3RgxwY,2026-04-12,14,Racing Club,t_2RmaMX,River Plate,t_1Fzy5s,0,2,8,2,5.0,3.0,12,10,4,4,2,5,,,,,2.0,4.0,2.0,2.0,28,10,16,7,379,394,282,291,18,19,15,14,61,58
m_19b0Rn,2026-04-12,14,Atlético Tucumán,t_45vTPl,Tigre,t_1L8FaD,0,0,5,3,1.0,1.0,7,12,1,4,4,5,,,,,1.0,1.0,1.0,1.0,14,18,13,10,341,366,236,259,20,24,9,6,53,50
m_1VteVu,2026-04-12,14,Estudiantes de Río Cuarto,t_1dhmUh,Barracas Central,t_3FROV0,2,1,2,6,3.0,1.0,11,16,5,4,4,9,,,,,1.0,3.0,1.0,2.0,19,22,20,12,193,574,119,495,10,15,6,14,39,47
m_1WEirs,2026-04-12,14,Newell's Old Boys,t_3mLGSt,San Lorenzo,t_1QqhS7,0,0,1,3,4.0,2.0,5,13,1,3,2,7,,,,,,,,,5,21,23,9,383,292,308,205,15,17,9,5,48,59
m_19wJgg,2026-04-12,14,Huracán,t_2qXAzu,Rosario Central,t_1rEb7t,1,3,3,10,2.0,1.0,7,16,1,8,3,5,,,,,2.0,3.0,1.0,1.0,13,25,8,15,473,342,399,265,12,16,11,11,46,52
m_4TG70M,2026-04-12,14,Club Atlético Platense,t_2Swqmw,Gimnasia Mendoza,t_1g5yTJ,1,1,2,5,1.0,3.0,8,12,5,4,2,6,,,,,2.0,0.0,1.0,0.0,12,25,15,12,372,404,269,309,33,27,11,12,54,75
m_2pE60O,2026-04-13,14,Lanús,t_0rsFNq,Banfield,t_0bW0AU,1,0,5,1,4.0,4.0,18,12,4,3,6,6,,,,,1.0,0.0,,,15,8,19,10,543,276,472,215,16,19,7,15,55,55
m_3SYDN1,2026-04-13,14,Defensa y Justicia,t_1DVMAZ,Talleres,t_02LuKO,1,2,6,2,0.0,2.0,17,8,6,5,11,3,,,,,1.0,1.0,1.0,1.0,19,11,7,12,437,432,377,351,14,19,13,6,63,58
m_4DcYBn,2026-04-13,14,Sarmiento,t_3qkV0m,Gimnasia LP,t_0rGDE4,1,2,3,7,3.0,3.0,11,17,3,7,7,5,,,,,2.0,3.0,1.0,2.0,13,22,17,12,307,403,214,309,15,12,7,9,47,50
m_2wfcAu,2026-04-14,14,Vélez Sarsfield,t_2eRs85,Central Córdoba de Santiago,t_2M7cot,1,0,4,4,2.0,2.0,21,11,8,2,9,6,,,,,7.0,2.0,7.0,2.0,36,19,8,10,397,302,308,207,39,27,11,12,59,64
m_2518A4,2026-04-17,15,Unión,t_0oa5Fc,Newell's Old Boys,t_3mLGSt,2,3,15,4,3.0,3.0,28,5,10,3,10,2,2.28,0.99,3.56,2.27,4.0,3.0,2.0,2.0,54,10,8,14,471,188,383,116,15,23,7,11,65,52
m_2qTx0J,2026-04-18,15,Independiente,t_1XZg6T,Defensa y Justicia,t_1DVMAZ,1,3,5,6,2.0,2.0,9,13,1,5,6,6,1.03,1.76,0.99,1.89,1.0,3.0,0.0,1.0,14,30,12,7,412,404,331,315,14,21,23,14,51,62
m_1Vr866,2026-04-18,15,Instituto,t_2rXlDo,Estudiantes,t_1HsET8,1,0,2,7,4.0,3.0,4,16,2,3,1,8,,,,,1.0,0.0,1.0,0.0,5,29,17,16,279,368,195,295,16,10,6,5,44,55
m_2yMdi1,2026-04-18,15,Gimnasia LP,t_0rGDE4,Estudiantes de Río Cuarto,t_1dhmUh,0,1,4,1,3.0,3.0,14,15,4,4,9,11,,,,,3.0,3.0,3.0,2.0,18,29,13,12,389,327,303,258,13,13,7,16,50,54
m_0FlMqm,2026-04-19,15,River Plate,t_1Fzy5s,Boca Juniors,t_0otcXZ,1,0,1,6,5.0,6.0,10,13,5,3,3,3,,,,,2.0,0.0,1.0,0.0,18,20,19,14,225,468,134,384,27,13,9,11,54,51
m_3XlvKO,2026-04-19,15,Aldosivi,t_2rD0OF,Racing Club,t_2RmaMX,1,1,5,1,1.0,4.0,21,8,4,6,8,2,,,,,2.0,0.0,1.0,0.0,34,14,10,15,519,220,434,125,17,21,6,11,45,48
m_2AINHd,2026-04-19,15,Rosario Central,t_1rEb7t,Sarmiento,t_3qkV0m,2,1,4,3,1.0,0.0,22,5,6,1,6,4,,,,,4.0,0.0,2.0,0.0,28,8,10,11,502,285,424,201,23,20,10,16,57,50
m_0UgeFv,2026-04-19,15,Argentinos Juniors,t_3XuEvf,Atlético Tucumán,t_45vTPl,1,0,7,2,2.0,5.0,14,4,6,0,5,3,,,,,1.0,1.0,0.0,1.0,22,12,5,12,533,257,463,172,12,22,11,16,60,56
m_2g93PE,2026-04-19,15,Talleres,t_02LuKO,Deportivo Riestra,t_3TbOfu,0,2,7,4,2.0,2.0,9,15,1,8,7,5,,,,,0.0,2.0,,,13,29,13,10,212,552,122,461,13,8,14,7,45,47
m_0fOliE,2026-04-20,15,Banfield,t_0bW0AU,Independiente Rivadavia,t_0SmVI4,0,0,6,3,2.0,1.0,16,16,4,2,8,12,,,,,1.0,4.0,1.0,4.0,24,16,12,8,245,402,156,323,20,13,9,5,48,46
m_4X5YYv,2026-04-20,15,San Lorenzo,t_1QqhS7,Vélez Sarsfield,t_2eRs85,0,0,1,4,1.0,2.0,10,12,3,5,5,6,,,,,2.0,1.0,2.0,1.0,18,12,16,13,354,385,269,293,15,13,14,14,56,65
m_3YFLQO,2026-04-20,15,Central Córdoba de Santiago,t_2M7cot,Club Atlético Platense,t_2Swqmw,4,3,3,7,5.0,2.0,10,19,4,7,2,9,,,,,1.0,3.0,0.0,1.0,20,25,12,7,206,517,138,431,20,18,13,5,41,46
m_0HO7em,2026-04-20,15,Barracas Central,t_3FROV0,Belgrano,t_2Ba0sx,0,0,2,4,1.0,0.0,12,11,2,3,7,5,,,,,0.0,1.0,0.0,1.0,17,16,11,7,252,552,167,482,18,17,11,4,46,48
m_2riSvt,2026-04-21,15,Gimnasia Mendoza,t_1g5yTJ,Lanús,t_0rsFNq,0,1,1,6,5.0,1.0,8,19,0,4,5,6,,,,,1.0,3.0,1.0,2.0,14,13,18,17,395,283,314,201,15,13,5,10,53,44
m_0QP5Eq,2026-04-21,15,Tigre,t_1L8FaD,Huracán,t_2qXAzu,1,1,3,0,4.0,2.0,5,9,2,2,1,5,,,,,0.0,2.0,0.0,1.0,20,11,14,15,532,305,450,224,26,10,12,8,58,61
m_3puHKN,2026-04-23,16,Defensa y Justicia,t_1DVMAZ,Boca Juniors,t_0otcXZ,0,4,4,1,1.0,2.0,8,11,1,7,5,3,,,,,1.0,4.0,1.0,1.0,18,18,5,11,408,381,339,309,11,25,9,7,53,58
m_4KqHL3,2026-04-24,16,Estudiantes de Río Cuarto,t_1dhmUh,Rosario Central,t_1rEb7t,2,1,4,0,4.0,1.0,12,14,4,2,8,10,,,,,3.0,4.0,1.0,4.0,22,23,11,12,429,310,344,233,17,18,15,15,54,56
m_0cJtQg,2026-04-24,16,Deportivo Riestra,t_3TbOfu,Independiente,t_1XZg6T,0,2,3,3,3.0,5.0,13,8,2,4,2,2,,,,,1.0,1.0,1.0,0.0,24,19,13,16,477,219,398,113,10,22,8,8,54,51
m_3JTbLz,2026-04-24,16,Lanús,t_0rsFNq,Central Córdoba de Santiago,t_2M7cot,0,0,5,3,1.0,2.0,15,9,5,3,8,3,,,,,3.0,4.0,3.0,4.0,28,11,11,17,604,317,512,216,11,23,11,14,62,63
m_4DTyjs,2026-04-25,16,Estudiantes,t_1HsET8,Talleres,t_02LuKO,0,0,6,1,1.0,4.0,16,10,3,3,7,3,,,,,2.0,0.0,2.0,0.0,19,14,8,10,455,383,380,320,21,21,9,9,46,50
m_19Px84,2026-04-25,16,Sarmiento,t_3qkV0m,Tigre,t_1L8FaD,1,0,3,6,4.0,5.0,10,15,4,2,5,10,,,,,2.0,0.0,1.0,0.0,14,15,11,15,346,372,230,264,13,12,10,14,54,45
m_3vfFEs,2026-04-25,16,Racing Club,t_2RmaMX,Barracas Central,t_3FROV0,1,1,3,2,3.0,1.0,17,5,3,1,9,2,,,,,1.0,0.0,1.0,0.0,16,6,8,11,371,377,292,284,13,19,10,11,47,50
m_41mY2k,2026-04-25,16,Club Atlético Platense,t_2Swqmw,San Lorenzo,t_1QqhS7,0,1,8,4,2.0,3.0,23,10,6,6,8,3,,,,,2.0,1.0,2.0,1.0,38,13,16,10,406,320,316,233,10,21,8,17,65,66
m_3kUgTn,2026-04-26,16,Newell's Old Boys,t_3mLGSt,Instituto,t_2rXlDo,1,1,3,4,3.0,5.0,6,11,3,4,3,4,,,,,0.0,4.0,0.0,3.0,12,26,11,10,366,386,278,312,17,17,8,7,55,55
m_3Xoqfp,2026-04-26,16,Belgrano,t_2Ba0sx,Gimnasia LP,t_0rGDE4,0,1,3,6,2.0,2.0,7,6,0,2,6,2,,,,,1.0,1.0,1.0,1.0,17,22,16,9,361,428,266,348,21,19,12,10,60,52
m_2uyJMX,2026-04-26,16,Atlético Tucumán,t_45vTPl,Banfield,t_0bW0AU,1,1,2,3,4.0,0.0,10,16,2,7,5,5,,,,,2.0,4.0,1.0,3.0,12,21,12,19,347,388,237,293,21,23,9,17,59,70
m_3Nkc9o,2026-04-26,16,River Plate,t_1Fzy5s,Aldosivi,t_2rD0OF,1,3,1,8,3.0,2.0,5,24,2,6,3,10,,,,,1.0,5.0,0.0,3.0,8,33,16,12,246,578,167,504,15,13,4,7,41,50
m_1qQfO1,2026-04-26,16,Independiente Rivadavia,t_0SmVI4,Gimnasia Mendoza,t_1g5yTJ,1,5,2,11,6.0,2.0,7,23,2,10,4,7,,,,,1.0,6.0,0.0,2.0,11,30,18,15,183,255,129,192,12,16,7,6,39,36
m_3JhiqO,2026-04-27,16,Vélez Sarsfield,t_2eRs85,Unión,t_0oa5Fc,2,2,2,4,6.0,4.0,12,14,6,6,3,7,,,,,4.0,3.0,2.0,2.0,26,14,8,9,451,323,358,232,16,19,9,9,51,66
m_4Q9jVb,2026-04-28,16,Huracán,t_2qXAzu,Argentinos Juniors,t_3XuEvf,1,2,4,5,3.0,2.0,11,5,4,2,3,2,,,,,0.0,1.0,,,12,15,15,11,343,424,253,343,19,27,9,10,46,51
m_1UxCxs,2026-05-02,9,Barracas Central,t_3FROV0,Banfield,t_0bW0AU,1,2,2,6,1.0,0.0,15,16,7,6,6,7,0.97,1.39,0.63,1.61,3.0,2.0,3.0,2.0,22,22,10,7,434,426,336,340,16,17,10,7,73,68
m_1XEoaS,2026-05-02,9,Lanús,t_0rsFNq,Deportivo Riestra,t_3TbOfu,0,0,4,7,2.0,3.0,12,5,7,2,4,2,,,,,2.0,0.0,2.0,0.0,20,10,14,20,580,229,458,108,14,22,13,9,62,59
m_3crdvk,2026-05-02,9,Central Córdoba de Santiago,t_2M7cot,Boca Juniors,t_0otcXZ,2,1,3,3,3.0,3.0,11,14,8,4,3,8,,,,,3.0,1.0,2.0,0.0,20,17,11,16,538,285,454,193,15,14,14,15,47,48
m_3CZXTq,2026-05-02,9,San Lorenzo,t_1QqhS7,Independiente,t_1XZg6T,2,1,4,7,3.0,4.0,13,25,5,7,3,11,1.79,1.95,1.54,1.79,3.0,2.0,1.0,1.0,23,34,19,13,346,460,264,386,16,21,11,9,62,58
m_3C4rqD,2026-05-02,9,Unión,t_0oa5Fc,Talleres,t_02LuKO,1,1,0,8,3.0,5.0,8,25,1,7,6,11,,,,,0.0,2.0,0.0,2.0,12,45,13,14,282,432,185,332,24,13,8,5,46,52
m_0fdjQP,2026-05-03,9,Rosario Central,t_1rEb7t,Tigre,t_1L8FaD,1,1,3,11,2.0,3.0,15,17,5,4,7,6,1.93,1.31,1.25,1.78,4.0,3.0,3.0,3.0,20,25,14,17,282,347,217,266,18,19,7,4,45,40
m_3MBuhd,2026-05-03,9,Club Atlético Platense,t_2Swqmw,Estudiantes,t_1HsET8,2,0,5,7,1.0,1.0,16,18,8,7,6,9,,,,,3.0,3.0,1.0,3.0,18,21,12,10,332,351,253,269,11,15,10,4,59,57
m_2RNEop,2026-05-03,9,Belgrano,t_2Ba0sx,Sarmiento,t_3qkV0m,0,4,2,3,1.0,1.0,6,12,3,6,2,5,0.7,2.47,0.78,1.91,2.0,5.0,2.0,2.0,16,21,8,8,330,364,241,273,19,27,10,12,40,51
m_3MfCw1,2026-05-03,9,Aldosivi,t_2rD0OF,Independiente Rivadavia,t_0SmVI4,1,1,5,7,0.0,3.0,18,15,4,4,9,7,,,,,2.0,0.0,2.0,0.0,32,23,7,9,286,443,189,347,27,24,5,6,53,62
m_1fmUw8,2026-05-03,9,Gimnasia LP,t_0rGDE4,Argentinos Juniors,t_3XuEvf,2,0,3,11,3.0,5.0,12,14,2,3,7,5,1.71,1.0,1.19,0.53,2.0,1.0,0.0,1.0,13,25,11,17,291,512,211,441,20,11,19,9,64,55
m_29QdK5,2026-05-03,9,River Plate,t_1Fzy5s,Atlético Tucumán,t_45vTPl,0,1,6,1,2.0,2.0,19,5,5,3,8,1,1.76,0.7,1.15,1.53,6.0,2.0,6.0,1.0,33,11,6,16,703,220,609,124,22,35,8,11,57,58
m_4ODmAi,2026-05-03,9,Racing Club,t_2RmaMX,Huracán,t_2qXAzu,0,0,1,6,2.0,1.0,5,9,1,1,3,4,0.13,0.65,0.13,0.03,0.0,1.0,0.0,1.0,6,20,11,15,248,425,124,299,22,18,9,12,50,54
m_019qHk,2026-05-04,9,Gimnasia Mendoza,t_1g5yTJ,Defensa y Justicia,t_1DVMAZ,1,2,7,2,3.0,2.0,11,9,4,3,7,3,0.72,0.98,1.14,1.35,1.0,2.0,0.0,1.0,27,11,12,10,394,280,306,190,17,15,9,5,55,49
m_1P18Zr,2026-05-04,9,Vélez Sarsfield,t_2eRs85,Newell's Old Boys,t_3mLGSt,1,1,7,4,2.0,5.0,15,9,3,5,8,2,1.27,1.39,2.03,1.91,1.0,2.0,0.0,1.0,22,19,10,12,507,331,433,243,25,17,6,5,51,63
m_1qqpJe,2026-05-05,9,Estudiantes de Río Cuarto,t_1dhmUh,Instituto,t_2rXlDo,2,0,8,3,1.0,1.0,22,9,7,2,10,6,2.51,0.59,2.27,0.11,4.0,1.0,2.0,1.0,44,13,15,6,446,339,369,243,18,15,6,6,62,53
m_3c05ZH,2026-05-09,1/8,Talleres,t_02LuKO,Belgrano,t_2Ba0sx,1,0,3,8,5.0,4.0,14,16,3,2,6,6,1.11,0.45,1.09,0.61,3.0,0.0,2.0,0.0,27,19,20,13,259,311,181,230,23,15,5,7,50,54
m_0kTolw,2026-05-09,1/8,Boca Juniors,t_0otcXZ,Huracán,t_2qXAzu,3,2,1,17,5.0,1.0,8,36,4,11,2,13,1.87,3.3,2.3,2.71,2.0,4.0,0.0,3.0,8,58,15,10,335,690,219,575,20,21,8,7,66,76
m_2t96qK,2026-05-10,1/8,Argentinos Juniors,t_3XuEvf,Lanús,t_0rsFNq,2,0,3,2,3.0,4.0,16,9,8,3,7,2,0.65,0.45,1.76,0.39,1.0,2.0,1.0,2.0,15,26,12,16,404,420,321,319,21,22,14,7,62,61
m_3h25YQ,2026-05-10,1/8,Independiente Rivadavia,t_0SmVI4,Unión,t_0oa5Fc,2,1,5,5,2.0,1.0,10,18,6,4,1,10,1.85,1.4,2.87,0.74,2.0,2.0,1.0,2.0,16,40,15,6,254,401,150,295,13,12,10,5,59,53
m_2dZtBq,2026-05-10,1/8,Rosario Central,t_1rEb7t,Independiente,t_1XZg6T,3,1,2,3,2.0,2.0,14,6,6,4,7,2,1.96,0.9,1.85,1.35,3.0,2.0,1.0,1.0,30,7,11,14,444,280,349,198,18,29,15,11,52,59
m_21tO51,2026-05-10,1/8,River Plate,t_1Fzy5s,San Lorenzo,t_1QqhS7,6,5,6,2,3.0,1.0,30,5,12,4,15,1,1.45,0.68,1.75,1.94,2.0,1.0,1.0,0.0,45,4,14,13,705,267,603,154,22,24,6,10,82,57
m_3vjLig,2026-05-10,1/8,Estudiantes,t_1HsET8,Racing Club,t_2RmaMX,0,1,1,4,2.0,5.0,13,8,4,2,5,5,0.83,1.06,0.73,0.9,1.0,2.0,1.0,1.0,21,11,1,18,357,389,253,291,14,19,9,16,62,64
m_4Cpvon,2026-05-11,1/8,Vélez Sarsfield,t_2eRs85,Gimnasia LP,t_0rGDE4,0,1,17,0,2.0,5.0,27,7,5,3,10,2,1.37,0.99,0.66,1.05,1.0,2.0,1.0,1.0,44,6,9,13,526,232,443,151,11,11,10,11,49,40
m_0yhLBE,2026-05-12,1/4,Belgrano,t_2Ba0sx,Unión,t_0oa5Fc,2,0,4,7,0.0,3.0,17,12,8,4,5,8,1.06,0.56,0.95,0.79,3.0,1.0,2.0,1.0,15,12,4,8,400,344,318,249,21,9,16,7,57,61
m_4SVLwu,2026-05-13,1/4,Rosario Central,t_1rEb7t,Racing Club,t_2RmaMX,2,1,3,2,1.0,6.0,19,10,10,2,6,4,2.55,0.68,2.48,0.21,7.0,1.0,6.0,1.0,29,13,12,24,584,339,468,223,12,22,4,21,60,60
m_3CeTeZ,2026-05-13,1/4,Argentinos Juniors,t_3XuEvf,Huracán,t_2qXAzu,1,0,9,2,2.0,6.0,18,11,4,4,9,5,1.02,1.0,1.36,0.98,2.0,1.0,1.0,1.0,23,14,14,29,636,398,519,264,14,20,14,16,72,61
m_3ar3G9,2026-05-14,1/4,River Plate,t_1Fzy5s,Gimnasia LP,t_0rGDE4,2,0,7,5,1.0,4.0,18,12,8,6,3,6,1.48,0.83,2.04,1.57,2.0,2.0,1.0,2.0,28,16,21,16,459,333,359,228,18,11,8,11,61,38
m_211adJ,2026-05-16,1/2,River Plate,t_1Fzy5s,Rosario Central,t_1rEb7t,0,1,1,6,7.0,2.0,7,11,1,3,3,8,0.35,2.1,0.2,1.47,1.0,2.0,1.0,1.0,14,13,19,17,321,366,235,284,15,15,10,14,36,44
m_0JyeiC,2026-05-17,1/2,Argentinos Juniors,t_3XuEvf,Belgrano,t_2Ba0sx,4,5,5,3,2.0,8.0,18,9,8,3,9,3,2.66,0.63,2.4,0.99,4.0,1.0,3.0,0.0,29,26,17,22,547,426,437,296,28,29,18,21,81,72
m_25ZLbm,2026-05-24,final,River Plate,t_1Fzy5s,Belgrano,t_2Ba0sx,2,3,6,4,2.0,3.0,8,13,4,6,2,4,1.42,1.55,2.3,2.59,2.0,2.0,,,12,14,7,11,422,245,323,175,24,15,5,13,41,53
m_3bFbbT,2026-07-23,1,Sarmiento,t_3qkV0m,Argentinos Juniors,t_3XuEvf,2,3,7,2,3.0,6.0,12,13,3,5,5,3,1.5,1.42,1.09,2.31,3.0,2.0,1.0,0.0,11,25,15,14,355,466,263,390,20,13,12,10,61,63
m_3h9ajC,2026-07-23,1,Belgrano,t_2Ba0sx,Rosario Central,t_1rEb7t,1,2,6,6,2.0,0.0,12,13,3,5,8,5,1.39,1.5,1.06,1.7,2.0,1.0,1.0,0.0,26,25,13,10,447,420,380,354,13,17,7,11,49,49
m_3B1MqQ,2026-07-24,1,Gimnasia Mendoza,t_1g5yTJ,Central Córdoba de Santiago,t_2M7cot,1,0,3,3,0.0,1.0,22,8,8,3,8,5,1.62,1.43,1.64,1.42,2.0,2.0,1.0,2.0,23,16,6,13,516,302,449,230,11,23,9,10,57,61
m_0xmq9N,2026-07-24,1,Vélez Sarsfield,t_2eRs85,Instituto,t_2rXlDo,1,0,1,6,2.0,2.0,8,19,5,2,3,10,0.99,2.58,0.68,1.06,2.0,4.0,1.0,4.0,14,27,7,9,531,359,431,256,19,13,9,10,65,63
m_1P4GDL,2026-07-24,1,Racing Club,t_2RmaMX,Gimnasia LP,t_0rGDE4,1,2,3,4,3.0,1.0,9,18,5,7,3,6,1.89,1.42,2.06,1.25,3.0,3.0,2.0,2.0,19,28,12,10,373,499,274,403,13,17,12,14,52,56
m_4cBLTF,2026-07-24,1,Defensa y Justicia,t_1DVMAZ,Aldosivi,t_2rD0OF,1,1,2,6,3.0,2.0,8,15,3,5,4,5,0.59,1.06,0.74,0.42,1.0,1.0,0.0,1.0,5,25,15,9,238,606,164,514,18,14,14,8,56,51
m_3A4OqU,2026-07-25,1,Club Atlético Platense,t_2Swqmw,Unión,t_0oa5Fc,2,2,2,6,2.0,3.0,10,16,3,5,5,6,1.33,1.44,1.51,1.03,2.0,1.0,1.0,1.0,18,24,15,12,339,443,241,353,19,11,12,7,51,52
m_19ZLfE,2026-07-25,1,Huracán,t_2qXAzu,Banfield,t_0bW0AU,1,0,4,2,1.0,3.0,21,5,11,1,8,3,2.0,0.47,1.69,0.32,3.0,0.0,2.0,0.0,29,13,11,12,484,334,396,248,15,17,13,8,54,57
m_4P8SSz,2026-07-25,1,Newell's Old Boys,t_3mLGSt,Talleres,t_02LuKO,1,0,8,9,1.0,2.0,11,17,4,5,4,8,1.37,1.13,1.2,1.22,3.0,3.0,2.0,3.0,22,25,14,12,292,586,218,528,15,13,11,7,55,52
m_4X9GUk,2026-07-25,1,River Plate,t_1Fzy5s,Barracas Central,t_3FROV0,1,0,1,3,5.0,2.0,4,15,2,4,2,9,0.47,0.56,1.19,0.25,2.0,1.0,1.0,1.0,4,32,21,8,204,629,108,535,12,15,16,15,58,55
m_2VlptL,2026-07-25,1,Estudiantes de Río Cuarto,t_1dhmUh,Tigre,t_1L8FaD,1,0,4,5,2.0,2.0,8,18,2,4,4,7,0.67,1.04,0.76,1.37,2.0,0.0,1.0,0.0,11,21,18,13,317,491,234,404,16,17,15,5,54,46
m_38l4Ru,2026-07-26,1,Atlético Tucumán,t_45vTPl,Independiente Rivadavia,t_0SmVI4,0,0,4,6,1.0,2.0,5,9,1,3,2,4,0.26,0.58,0.05,0.39,,,,,7,29,13,15,232,359,158,281,21,12,14,9,38,38
m_0smnBS,2026-07-26,1,Estudiantes,t_1HsET8,Independiente,t_1XZg6T,0,2,5,5,1.0,1.0,16,14,3,4,8,7,1.78,1.4,1.44,1.95,3.0,3.0,3.0,1.0,33,22,15,14,376,268,293,176,24,20,12,16,48,49
m_4Gu3AR,2026-07-26,1,Deportivo Riestra,t_3TbOfu,Boca Juniors,t_0otcXZ,3,0,2,8,3.0,0.0,6,13,4,3,1,8,1.38,0.7,1.72,0.24,3.0,1.0,0.0,1.0,6,17,20,8,181,793,88,711,19,10,8,12,50,56
m_1aviF3,2026-07-26,1,Lanús,t_0rsFNq,San Lorenzo,t_1QqhS7,1,0,8,2,3.0,3.0,23,12,10,5,8,7,1.92,0.97,1.42,0.32,3.0,1.0,2.0,1.0,40,16,15,13,454,452,372,354,22,16,10,5,47,49
m_0SpGk1,2026-07-28,2,San Lorenzo,t_1QqhS7,Gimnasia Mendoza,t_1g5yTJ,0,1,6,4,4.0,0.0,13,13,3,5,3,4,1.02,1.15,0.67,1.57,0.0,2.0,0.0,1.0,18,24,14,11,430,444,357,364,27,30,4,14,60,63
m_0U4Xso,2026-07-28,2,Banfield,t_0bW0AU,Sarmiento,t_3qkV0m,2,3,4,4,1.0,0.0,13,17,5,8,4,8,2.65,2.0,2.64,2.93,4.0,3.0,2.0,1.0,26,25,10,11,420,257,330,186,23,27,12,11,47,56
m_1R2IMx,2026-07-29,2,Defensa y Justicia,t_1DVMAZ,Deportivo Riestra,t_3TbOfu,1,2,3,5,4.0,2.0,18,12,5,7,10,5,1.3,1.85,1.91,2.05,3.0,3.0,2.0,1.0,24,16,12,13,251,436,128,329,17,13,7,8,51,54
m_1YnVax,2026-07-29,2,Rosario Central,t_1rEb7t,Racing Club,t_2RmaMX,0,0,6,2,2.0,6.0,13,5,1,2,6,2,0.85,0.58,0.03,0.14,2.0,2.0,2.0,2.0,18,10,12,20,443,305,383,226,11,23,8,13,46,47
m_3zA6AY,2026-07-29,2,Argentinos Juniors,t_3XuEvf,Estudiantes de Río Cuarto,t_1dhmUh,0,3,4,6,1.0,0.0,12,17,4,9,6,7,0.61,2.81,0.8,2.41,1.0,6.0,1.0,3.0,15,25,5,7,274,646,188,558,18,21,10,8,53,57
m_03VPBd,2026-07-29,2,Barracas Central,t_3FROV0,Aldosivi,t_2rD0OF,0,1,8,1,2.0,1.0,9,10,1,4,3,4,0.41,0.5,0.02,0.73,1.0,1.0,1.0,1.0,18,11,17,12,411,455,309,370,20,11,7,6,48,51
m_19jhYQ,2026-07-29,2,Gimnasia LP,t_0rGDE4,River Plate,t_1Fzy5s,0,1,8,3,2.0,1.0,10,14,3,3,5,9,0.29,2.3,0.61,0.93,0.0,4.0,0.0,3.0,13,18,11,11,616,208,539,126,13,22,5,11,50,55
m_1WfN4f,2026-07-30,2,Instituto,t_2rXlDo,Club Atlético Platense,t_2Swqmw,1,2,4,5,2.0,2.0,15,16,3,6,6,7,0.7,2.43,1.13,3.34,0.0,3.0,0.0,2.0,11,24,12,18,437,370,359,284,18,8,17,10,58,57
m_0OoV9x,2026-07-30,2,Talleres,t_02LuKO,Vélez Sarsfield,t_2eRs85,3,1,5,8,1.0,2.0,11,20,6,6,5,12,1.35,1.96,2.8,1.45,4.0,2.0,2.0,1.0,15,31,6,10,371,618,268,531,11,13,8,10,55,65
m_4ZaB72,2026-07-30,2,Independiente Rivadavia,t_0SmVI4,Huracán,t_2qXAzu,1,2,6,3,,,14,21,6,7,7,6,1.16,2.23,1.51,2.16,2.0,2.0,2.0,1.0,15,31,8,12,483,263,391,190,14,12,2,12,42,53
m_4Qe3bh,2026-07-31,2,Central Córdoba de Santiago,t_2M7cot,Atlético Tucumán,t_45vTPl,2,0,3,4,1.0,1.0,8,10,3,1,3,5,0.59,0.32,0.78,0.13,2.0,0.0,1.0,0.0,10,10,13,10,374,517,284,421,16,17,9,6,56,59
m_2tup6z,2026-07-31,2,Independiente,t_1XZg6T,Newell's Old Boys,t_3mLGSt,1,0,7,2,2.0,3.0,12,2,4,1,5,1,0.53,0.13,1.15,0.1,1.0,0.0,1.0,0.0,26,7,12,7,404,447,319,345,30,32,10,15,66,57
m_1cKmol,2026-08-01,3,Belgrano,t_2Ba0sx,Argentinos Juniors,t_3XuEvf,0,1,2,2,1.0,1.0,10,9,2,4,7,5,0.52,0.69,0.32,0.82,1.0,2.0,1.0,2.0,13,20,10,7,349,644,278,578,16,22,9,10,54,53
m_0OvFHa,2026-08-01,3,Estudiantes de Río Cuarto,t_1dhmUh,Banfield,t_0bW0AU,0,0,7,5,2.0,0.0,8,14,0,3,5,7,0.47,1.12,0.0,0.06,0.0,1.0,0.0,1.0,15,17,19,14,394,296,288,184,23,23,9,7,53,58
m_0afzlB,2026-08-01,3,Racing Club,t_2RmaMX,Tigre,t_1L8FaD,1,3,6,0,3.0,2.0,11,12,5,5,4,6,0.53,1.44,1.83,1.55,1.0,2.0,1.0,1.0,21,16,15,9,565,339,466,244,23,27,11,6,46,62
m_2xdOyu,2026-08-01,3,Estudiantes,t_1HsET8,Defensa y Justicia,t_1DVMAZ,3,0,2,5,1.0,2.0,15,20,9,8,4,6,2.05,1.51,2.53,0.92,7.0,2.0,5.0,2.0,16,31,14,9,333,480,268,405,16,25,10,12,56,60
m_2WYe7B,2026-08-01,3,Gimnasia Mendoza,t_1g5yTJ,Unión,t_0oa5Fc,2,0,9,5,2.0,0.0,15,13,7,4,3,6,1.72,1.59,1.8,1.24,3.0,3.0,1.0,3.0,17,20,14,15,371,336,286,265,17,19,14,8,47,48
m_4JNnXO,2026-08-02,3,River Plate,t_1Fzy5s,Rosario Central,t_1rEb7t,1,0,4,10,4.0,4.0,12,25,3,6,6,16,0.7,2.03,0.41,1.29,2.0,5.0,2.0,5.0,13,38,15,15,231,419,131,334,26,15,15,8,44,52
m_1sTPds,2026-08-02,3,Deportivo Riestra,t_3TbOfu,Barracas Central,t_3FROV0,0,1,5,3,1.0,3.0,12,10,4,3,6,4,0.78,0.54,1.47,0.93,1.0,2.0,1.0,2.0,18,18,15,15,268,405,143,286,21,14,13,7,56,64
m_2Vtk92,2026-08-02,3,Newell's Old Boys,t_3mLGSt,Boca Juniors,t_0otcXZ,2,2,7,5,3.0,2.0,15,9,4,2,8,2,1.61,0.54,1.11,1.65,6.0,0.0,5.0,0.0,24,15,11,12,403,280,348,214,25,17,9,4,55,44
m_2GNnDW,2026-08-02,3,Aldosivi,t_2rD0OF,Gimnasia LP,t_0rGDE4,1,2,3,4,3.0,3.0,18,11,4,4,11,5,1.03,0.96,0.91,1.83,2.0,2.0,1.0,0.0,24,11,10,11,369,364,258,275,19,10,7,5,66,61
m_2EBOtR,2026-08-03,3,Lanús,t_0rsFNq,Instituto,t_2rXlDo,0,1,7,7,1.0,3.0,15,19,3,7,7,6,0.71,1.11,0.15,1.06,2.0,1.0,2.0,0.0,17,24,5,16,557,330,468,253,18,20,11,9,51,62
m_3lE8VM,2026-08-04,3,Central Córdoba de Santiago,t_2M7cot,San Lorenzo,t_1QqhS7,0,1,5,3,3.0,5.0,15,14,2,7,9,4,0.85,1.32,0.04,1.32,3.0,3.0,3.0,2.0,25,18,10,16,469,291,376,216,19,18,11,11,52,51
m_0KKvFY,2026-08-04,3,Huracán,t_2qXAzu,Atlético Tucumán,t_45vTPl,0,0,4,6,2.0,3.0,16,16,1,3,12,8,0.9,1.28,0.07,0.24,1.0,0.0,1.0,0.0,17,23,4,12,550,291,470,221,34,12,15,11,58,63
m_26MC0h,2026-08-05,2,Boca Juniors,t_0otcXZ,Estudiantes,t_1HsET8,1,0,5,2,1.0,3.0,12,8,2,4,4,3,1.02,0.38,0.66,0.78,2.0,1.0,1.0,1.0,28,18,16,11,609,381,528,305,21,18,5,14,57,52
m_1wAs6k,2026-08-06,2,Unión,t_0oa5Fc,Lanús,t_0rsFNq,1,2,2,4,3.0,0.0,10,11,2,3,6,6,1.1,0.49,0.41,0.31,1.0,0.0,,,15,14,7,6,498,340,410,238,18,25,7,12,57,60
m_147hOq,2026-08-06,2,Tigre,t_1L8FaD,Belgrano,t_2Ba0sx,0,0,4,4,4.0,1.0,15,18,6,5,7,8,0.81,1.99,0.6,1.15,1.0,6.0,1.0,6.0,21,32,19,6,470,405,392,327,19,20,14,10,53,61
m_4HTpja,2026-08-07,4,Rosario Central,t_1rEb7t,Aldosivi,t_2rD0OF,2,1,10,3,0.0,1.0,24,10,4,5,13,5,2.16,0.82,1.52,1.6,3.0,1.0,2.0,1.0,47,9,4,13,583,229,508,134,16,24,9,11,68,64
m_4Ha0vK,2026-08-08,4,Boca Juniors,t_0otcXZ,Vélez Sarsfield,t_2eRs85,1,1,4,5,4.0,2.0,8,30,4,8,3,14,0.47,2.35,0.86,2.27,1.0,5.0,1.0,4.0,10,37,10,12,403,546,303,459,20,21,8,14,52,71
m_0eUxKc,2026-08-08,4,Independiente Rivadavia,t_0SmVI4,Estudiantes de Río Cuarto,t_1dhmUh,1,2,3,4,3.0,1.0,6,18,3,3,2,10,0.51,2.53,1.16,1.55,2.0,4.0,1.0,3.0,8,23,11,10,313,566,215,465,14,21,12,4,54,57
m_2VSaa1,2026-08-08,4,Tigre,t_1L8FaD,River Plate,t_1Fzy5s,0,1,4,2,3.0,2.0,9,5,1,2,3,2,0.37,0.64,0.49,0.39,0.0,1.0,,,18,6,17,9,650,301,566,205,24,25,8,7,54,51
m_3xPV3E,2026-08-08,4,Deportivo Riestra,t_3TbOfu,Estudiantes,t_1HsET8,0,2,0,2,4.0,3.0,9,10,1,4,4,3,0.26,1.98,0.06,1.65,1.0,3.0,1.0,1.0,10,16,13,15,627,232,523,132,15,15,12,19,61,61
m_0YDAap,2026-08-08,4,Atlético Tucumán,t_45vTPl,Sarmiento,t_3qkV0m,2,1,4,13,2.0,1.0,11,12,5,6,3,3,1.26,0.83,1.53,0.65,2.0,1.0,1.0,1.0,15,32,11,13,259,328,168,241,15,13,5,6,43,34
m_3JpYQD,2026-08-09,4,Instituto,t_2rXlDo,Gimnasia Mendoza,t_1g5yTJ,0,1,2,4,5.0,4.0,5,15,1,7,4,5,0.36,2.85,0.0,2.3,1.0,5.0,1.0,4.0,11,27,12,17,377,340,280,244,25,21,13,12,47,51
m_4AhgSS,2026-08-09,4,Gimnasia LP,t_0rGDE4,Barracas Central,t_3FROV0,0,2,1,2,4.0,3.0,13,16,2,6,8,5,0.39,1.17,0.11,1.04,0.0,1.0,,,17,17,18,7,445,427,334,314,16,26,10,16,66,69
m_3HhWIs,2026-08-09,4,Argentinos Juniors,t_3XuEvf,Racing Club,t_2RmaMX,1,2,4,9,3.0,5.0,16,23,3,10,9,7,1.81,2.88,1.13,1.28,4.0,6.0,3.0,5.0,17,43,10,14,260,501,188,432,25,14,9,15,51,58
m_3Oow95,2026-08-09,4,San Lorenzo,t_1QqhS7,Huracán,t_2qXAzu,2,0,4,2,3.0,3.0,14,8,5,2,8,2,1.54,0.61,1.95,0.33,3.0,2.0,1.0,2.0,17,15,21,10,353,410,263,327,31,20,1,16,66,49
m_208YJA,2026-08-09,4,Defensa y Justicia,t_1DVMAZ,Newell's Old Boys,t_3mLGSt,2,1,3,7,3.0,2.0,16,10,6,4,5,3,1.65,0.62,1.65,0.79,3.0,2.0,2.0,2.0,21,14,14,10,462,307,390,231,33,15,12,8,60,55
m_11WoiN,2026-08-09,4,Independiente,t_1XZg6T,Club Atlético Platense,t_2Swqmw,0,1,13,1,2.0,2.0,19,8,5,2,10,6,1.01,0.93,0.41,0.54,1.0,1.0,1.0,0.0,45,6,12,17,509,273,400,172,22,38,10,19,69,75
m_2ckNSG,2026-08-10,4,Banfield,t_0bW0AU,Belgrano,t_2Ba0sx,2,0,1,4,1.0,3.0,14,18,5,5,6,10,1.44,2.03,1.13,1.16,4.0,5.0,3.0,5.0,29,30,11,15,428,405,335,335,25,29,15,11,61,70
m_23LFB9,2026-08-11,4,Unión,t_0oa5Fc,Central Córdoba de Santiago,t_2M7cot,2,1,4,8,4.0,3.0,10,26,4,7,2,11,0.73,1.76,1.11,1.13,3.0,3.0,1.0,3.0,16,43,6,16,300,446,220,347,17,15,11,6,47,59
m_4f6yGZ,2026-08-12,4,Talleres,t_02LuKO,Lanús,t_0rsFNq,3,0,5,2,2.0,2.0,23,18,7,7,8,9,2.3,1.1,1.29,0.31,3.0,1.0,1.0,1.0,32,27,9,4,412,637,335,559,9,7,9,6,55,48
m_0M3QLL,2026-08-14,5,Racing Club,t_2RmaMX,Banfield,t_0bW0AU,0,1,6,1,2.0,2.0,23,6,2,2,17,2,1.79,0.42,0.13,0.33,2.0,1.0,2.0,0.0,34,8,9,11,687,153,616,72,18,25,4,11,47,33
m_0kIwxH,2026-08-15,5,Aldosivi,t_2rD0OF,Tigre,t_1L8FaD,0,0,7,9,2.0,3.0,22,13,4,2,11,5,1.04,1.08,0.38,0.04,1.0,1.0,1.0,1.0,18,18,12,9,336,400,231,315,23,20,13,6,56,50
m_0CvxlD,2026-08-15,5,San Lorenzo,t_1QqhS7,Unión,t_0oa5Fc,0,1,1,4,4.0,1.0,6,14,1,8,3,4,0.13,0.86,0.3,2.71,0.0,4.0,0.0,3.0,10,24,22,8,301,342,196,240,28,20,6,8,56,46
m_4Y2JeT,2026-08-15,5,Newell's Old Boys,t_3mLGSt,Deportivo Riestra,t_3TbOfu,0,2,3,6,2.0,1.0,11,9,3,3,6,3,0.54,0.47,0.44,1.22,1.0,2.0,1.0,1.0,19,6,16,12,239,445,132,343,18,19,9,8,58,66
m_2rJ3SG,2026-08-15,5,Belgrano,t_2Ba0sx,Independiente Rivadavia,t_0SmVI4,2,0,4,4,1.0,4.0,10,9,3,2,4,5,0.55,0.52,0.21,0.05,1.0,1.0,1.0,1.0,18,16,7,12,410,427,314,362,24,16,4,17,56,59
m_3spPk4,2026-08-15,5,Estudiantes,t_1HsET8,Gimnasia LP,t_0rGDE4,4,0,7,2,2.0,5.0,22,8,8,3,7,2,2.53,0.63,3.05,0.4,6.0,1.0,4.0,1.0,21,8,14,15,591,173,522,107,17,22,4,10,46,35
m_07PgTk,2026-08-16,5,Club Atlético Platense,t_2Swqmw,Boca Juniors,t_0otcXZ,1,1,7,3,2.0,1.0,14,13,4,8,5,5,2.32,0.59,1.86,1.19,4.0,1.0,3.0,0.0,29,17,14,11,576,325,485,237,16,15,9,16,58,54
m_4XvVEn,2026-08-16,5,Central Córdoba de Santiago,t_2M7cot,Instituto,t_2rXlDo,0,1,4,9,1.0,2.0,7,13,1,6,5,6,0.47,1.53,0.38,1.98,0.0,3.0,0.0,2.0,16,21,13,10,456,417,367,331,18,20,7,10,54,59
m_0VVZir,2026-08-16,5,Sarmiento,t_3qkV0m,Huracán,t_2qXAzu,2,0,9,4,2.0,4.0,18,10,5,0,9,6,1.94,0.26,2.47,0.0,2.0,0.0,,,23,8,14,16,190,439,101,356,17,14,10,4,46,44
m_4fCzkt,2026-08-16,5,River Plate,t_1Fzy5s,Argentinos Juniors,t_3XuEvf,2,0,2,4,1.0,4.0,8,9,3,1,3,6,1.59,0.75,2.04,0.04,2.0,1.0,0.0,1.0,18,11,15,15,363,529,288,445,24,18,16,13,46,43
m_17RFeg,2026-08-17,5,Estudiantes de Río Cuarto,t_1dhmUh,Atlético Tucumán,t_45vTPl,1,0,6,4,4.0,1.0,9,12,3,1,5,6,0.33,0.43,0.84,0.02,1.0,0.0,,,19,12,15,12,352,346,264,253,25,33,10,17,61,51
m_1E7Dux,2026-08-17,5,Lanús,t_0rsFNq,Independiente,t_1XZg6T,1,3,10,5,2.0,3.0,21,14,6,4,12,6,1.95,1.19,2.48,1.49,1.0,2.0,1.0,0.0,33,21,18,11,397,378,311,287,23,21,11,9,51,46
m_43tFlq,2026-08-17,5,Vélez Sarsfield,t_2eRs85,Defensa y Justicia,t_1DVMAZ,1,1,6,9,4.0,3.0,10,20,3,6,6,7,0.88,1.36,1.78,0.67,1.0,1.0,1.0,1.0,13,26,15,19,420,355,297,247,22,22,12,14,53,57
m_48fWBj,2026-08-17,5,Barracas Central,t_3FROV0,Rosario Central,t_1rEb7t,0,1,7,1,0.0,3.0,16,7,5,3,5,3,1.71,0.9,1.08,0.81,3.0,2.0,3.0,1.0,18,10,10,7,428,633,322,536,27,14,16,14,78,72
m_15Akee,2026-08-18,5,Gimnasia Mendoza,t_1g5yTJ,Talleres,t_02LuKO,3,1,7,3,3.0,3.0,18,15,6,5,8,7,2.54,1.4,3.18,1.35,4.0,4.0,2.0,3.0,10,17,14,8,442,499,369,435,18,15,14,7,68,50
m_4g29p2,2026-08-21,6,Aldosivi,t_2rD0OF,Unión,t_0oa5Fc,1,3,4,4,3.0,1.0,13,18,4,7,6,7,0.43,1.81,1.2,2.62,0.0,3.0,0.0,1.0,16,26,6,9,325,445,234,364,27,20,13,7,53,61
m_3wtsgB,2026-08-21,6,Estudiantes de Río Cuarto,t_1dhmUh,San Lorenzo,t_1QqhS7,0,0,0,1,3.0,1.0,8,13,2,4,4,8,0.46,0.51,0.18,0.65,,,,,12,18,18,4,322,437,229,337,38,15,12,7,62,55
m_4Vv4zW,2026-08-22,6,Atlético Tucumán,t_45vTPl,Instituto,t_2rXlDo,0,0,9,2,3.0,2.0,12,8,3,3,4,3,0.33,0.71,0.36,0.36,1.0,1.0,1.0,1.0,15,14,8,3,393,480,294,376,23,27,16,8,64,55
m_2IoMcO,2026-08-22,6,Independiente,t_1XZg6T,Independiente Rivadavia,t_0SmVI4,0,0,11,3,2.0,3.0,13,11,3,4,8,4,0.77,0.63,0.19,0.17,2.0,1.0,2.0,1.0,27,16,8,12,494,314,394,210,11,21,8,16,57,51
m_4FtNTS,2026-08-22,6,Gimnasia LP,t_0rGDE4,Gimnasia Mendoza,t_1g5yTJ,3,2,1,6,3.0,0.0,14,17,6,6,6,7,2.05,1.82,2.88,2.17,4.0,5.0,2.0,4.0,16,48,24,4,368,467,273,372,21,27,8,11,62,64
m_4IdcNi,2026-08-23,6,Barracas Central,t_3FROV0,Club Atlético Platense,t_2Swqmw,1,2,4,4,4.0,1.0,11,19,6,8,4,8,1.86,2.77,1.56,2.18,3.0,6.0,2.0,4.0,20,32,18,10,331,403,239,317,18,21,10,9,64,58
m_4fjPIc,2026-08-23,6,River Plate,t_1Fzy5s,Vélez Sarsfield,t_2eRs85,2,2,3,5,2.0,1.0,13,11,3,4,7,4,0.61,0.98,0.7,1.86,0.0,2.0,0.0,2.0,23,17,13,13,568,430,469,330,23,19,16,11,58,58
m_3jpi32,2026-08-23,6,Huracán,t_2qXAzu,Deportivo Riestra,t_3TbOfu,0,0,3,4,0.0,4.0,12,13,4,2,5,6,0.6,0.85,0.25,0.12,0.0,2.0,0.0,2.0,16,17,9,21,564,242,434,125,20,22,11,11,55,51
m_4Llsds,2026-08-23,6,Belgrano,t_2Ba0sx,Defensa y Justicia,t_1DVMAZ,1,2,8,0,2.0,2.0,25,9,6,4,8,3,1.31,1.31,0.57,1.94,1.0,2.0,,,43,8,6,14,584,281,486,210,10,17,6,14,61,62
m_3yRTgE,2026-08-23,6,Newell's Old Boys,t_3mLGSt,Banfield,t_0bW0AU,2,1,3,3,1.0,3.0,14,13,6,6,6,4,1.66,1.69,2.1,1.96,4.0,2.0,2.0,1.0,14,15,12,15,373,324,288,245,21,15,9,13,56,55
m_3xzvfD,2026-08-23,6,Sarmiento,t_3qkV0m,Estudiantes,t_1HsET8,0,2,5,3,4.0,2.0,19,11,6,6,9,5,1.85,1.86,1.61,1.55,1.0,2.0,1.0,1.0,25,16,9,17,582,178,514,104,13,17,3,6,46,44
m_0kNt0b,2026-08-24,6,Racing Club,t_2RmaMX,Boca Juniors,t_0otcXZ,1,1,5,1,3.0,2.0,14,15,5,2,6,10,1.26,0.97,1.07,0.25,1.0,2.0,0.0,1.0,17,13,11,9,469,403,372,336,22,14,7,12,39,52
m_2k3hTY,2026-08-24,6,Tigre,t_1L8FaD,Central Córdoba de Santiago,t_2M7cot,1,2,5,4,2.0,3.0,11,14,2,2,3,10,1.26,2.26,0.82,1.49,2.0,2.0,1.0,0.0,21,21,14,12,482,308,398,218,15,20,11,18,57,51
m_2LhyO1,2026-08-25,6,Talleres,t_02LuKO,Rosario Central,t_1rEb7t,2,2,10,1,6.0,3.0,26,6,12,3,11,1,3.47,1.63,3.41,1.81,5.0,2.0,4.0,0.0,50,12,14,15,556,303,479,222,19,22,6,11,63,54
m_38XAFZ,2026-08-25,6,Lanús,t_0rsFNq,Argentinos Juniors,t_3XuEvf,1,1,5,2,1.0,0.0,14,15,8,4,4,7,1.5,0.69,2.75,0.77,2.0,2.0,1.0,1.0,12,15,8,7,381,604,290,514,16,19,12,11,55,48
m_1bDP6c,2026-08-28,7,Unión,t_0oa5Fc,Sarmiento,t_3qkV0m,1,4,4,2,2.0,1.0,11,12,6,4,4,7,0.39,1.33,0.52,1.4,1.0,2.0,,,12,13,11,10,336,336,254,246,14,26,12,18,48,55
m_0m7kON,2026-08-29,7,Huracán,t_2qXAzu,Estudiantes de Río Cuarto,t_1dhmUh,1,1,8,2,2.0,4.0,18,5,2,1,7,3,1.58,0.95,1.01,0.84,2.0,1.0,1.0,0.0,27,11,12,17,500,271,419,187,15,15,14,24,45,34
m_0rmcr6,2026-08-29,7,Boca Juniors,t_0otcXZ,Lanús,t_0rsFNq,0,1,3,11,1.0,2.0,10,19,2,4,5,7,1.3,1.16,0.49,0.59,3.0,2.0,3.0,1.0,27,18,15,8,392,539,304,452,27,19,11,12,70,62
m_4bNncf,2026-08-29,7,Rosario Central,t_1rEb7t,Gimnasia LP,t_0rGDE4,1,2,10,3,2.0,3.0,15,11,7,3,6,5,0.75,0.48,0.72,0.73,,,,,19,11,13,12,607,285,513,183,11,22,10,20,64,60
m_4bZ5kw,2026-08-29,7,Deportivo Riestra,t_3TbOfu,Vélez Sarsfield,t_2eRs85,1,1,6,2,1.0,2.0,13,7,5,3,4,3,0.71,0.79,1.56,0.6,1.0,2.0,1.0,1.0,20,14,9,14,641,200,542,106,15,15,7,11,66,57
m_1oO6B7,2026-08-30,7,Banfield,t_0bW0AU,River Plate,t_1Fzy5s,3,2,3,4,0.0,1.0,19,15,8,5,6,8,3.64,1.61,2.19,2.19,7.0,1.0,5.0,0.0,35,19,13,9,511,289,422,208,14,17,5,10,49,50
m_38lyOU,2026-08-30,7,Talleres,t_02LuKO,Central Córdoba de Santiago,t_2M7cot,0,0,6,6,1.0,2.0,16,23,4,5,9,9,1.05,1.0,0.3,0.26,1.0,0.0,1.0,0.0,14,30,11,9,353,617,279,551,13,13,12,6,48,48
m_14q45G,2026-08-30,7,Independiente,t_1XZg6T,Gimnasia Mendoza,t_1g5yTJ,0,3,7,4,1.0,1.0,11,11,4,4,2,6,0.84,0.63,0.82,0.44,3.0,3.0,3.0,3.0,21,13,7,15,464,331,368,249,18,18,9,12,54,61
m_02m9E0,2026-08-30,7,Atlético Tucumán,t_45vTPl,Belgrano,t_2Ba0sx,0,0,3,7,3.0,1.0,10,16,3,2,4,7,0.68,0.81,0.2,0.09,2.0,2.0,2.0,2.0,26,19,8,12,544,307,452,222,19,23,3,11,50,62
m_1B4lCI,2026-08-30,7,Argentinos Juniors,t_3XuEvf,Aldosivi,t_2rD0OF,1,2,2,14,4.0,1.0,7,24,2,7,5,11,0.94,2.28,0.95,2.01,2.0,4.0,1.0,3.0,11,34,13,7,207,589,133,522,30,15,14,12,38,49
m_300q44,2026-08-31,7,Defensa y Justicia,t_1DVMAZ,Club Atlético Platense,t_2Swqmw,0,1,7,6,4.0,3.0,14,10,3,3,10,6,1.35,1.0,0.24,1.38,1.0,5.0,1.0,4.0,26,18,15,11,309,408,232,328,15,26,14,12,57,53
m_23XA3J,2026-08-31,7,Estudiantes,t_1HsET8,Newell's Old Boys,t_3mLGSt,0,0,6,0,1.0,1.0,24,9,8,2,10,6,2.23,1.13,1.46,0.17,5.0,2.0,5.0,2.0,35,10,10,15,563,337,463,238,25,17,8,10,57,56
m_3p9B98,2026-08-31,7,Independiente Rivadavia,t_0SmVI4,Racing Club,t_2RmaMX,1,3,5,3,2.0,3.0,11,18,4,9,5,4,0.78,2.98,0.86,3.47,2.0,4.0,2.0,2.0,14,21,12,15,401,293,308,203,17,12,13,13,49,51
m_1YGhXX,2026-09-01,7,Instituto,t_2rXlDo,San Lorenzo,t_1QqhS7,0,1,1,11,5.0,2.0,5,19,1,3,4,10,0.34,1.68,0.11,0.25,2.0,3.0,2.0,3.0,9,28,11,8,384,341,300,262,14,23,10,12,47,52
m_2eHqO4,2026-09-01,7,Tigre,t_1L8FaD,Barracas Central,t_3FROV0,0,0,5,3,3.0,1.0,14,6,2,1,8,5,0.73,0.41,0.46,0.09,1.0,0.0,1.0,0.0,17,14,13,11,393,398,304,290,20,15,20,8,67,62
m_4fJmCv,2026-09-04,8,Estudiantes de Río Cuarto,t_1dhmUh,Sarmiento,t_3qkV0m,2,0,1,14,0.0,2.0,12,18,4,3,6,8,1.41,1.06,1.35,0.29,3.0,1.0,2.0,1.0,19,24,6,9,274,502,183,408,20,19,13,7,44,57
m_08AJGA,2026-09-04,8,Club Atlético Platense,t_2Swqmw,Deportivo Riestra,t_3TbOfu,1,1,3,3,4.0,1.0,6,10,4,3,0,5,0.3,0.73,1.45,0.72,1.0,1.0,,,20,15,21,7,253,465,129,352,21,9,11,15,65,68
m_1hvbqC,2026-09-04,8,Belgrano,t_2Ba0sx,Huracán,t_2qXAzu,1,1,3,6,2.0,2.0,7,21,3,8,2,9,1.02,3.41,1.16,1.87,1.0,6.0,0.0,5.0,11,29,9,10,390,472,306,395,27,22,13,15,56,68
m_3GuLGz,2026-09-05,8,Aldosivi,t_2rD0OF,Banfield,t_0bW0AU,3,1,8,4,4.0,4.0,21,13,9,3,8,6,1.26,1.61,1.62,1.2,3.0,3.0,1.0,2.0,18,29,18,13,305,296,204,210,27,17,7,8,50,52
m_2ImO5V,2026-09-05,8,San Lorenzo,t_1QqhS7,Talleres,t_02LuKO,0,1,4,6,3.0,2.0,15,19,6,4,7,8,1.07,1.97,0.44,1.31,0.0,2.0,0.0,1.0,20,24,15,12,443,390,365,304,22,18,7,9,57,53
m_4BLbJI,2026-09-05,8,Gimnasia Mendoza,t_1g5yTJ,Boca Juniors,t_0otcXZ,2,2,5,6,2.0,4.0,17,12,7,6,8,3,1.8,1.76,2.89,2.22,2.0,1.0,2.0,1.0,20,20,6,8,455,326,369,240,11,13,2,12,43,47
m_2MnXyo,2026-09-05,8,Gimnasia LP,t_0rGDE4,Tigre,t_1L8FaD,2,1,5,1,3.0,4.0,14,12,7,3,4,7,3.02,1.35,2.17,1.07,3.0,1.0,1.0,0.0,31,20,15,14,332,382,255,300,22,12,4,13,53,53
m_32YJGL,2026-09-06,8,River Plate,t_1Fzy5s,Independiente Rivadavia,t_0SmVI4,3,1,2,0,2.0,5.0,15,10,10,5,3,2,2.06,1.24,3.04,1.47,4.0,2.0,2.0,1.0,30,12,11,16,511,362,403,265,19,23,16,9,60,59
m_0Ksq5j,2026-09-06,8,Rosario Central,t_1rEb7t,Newell's Old Boys,t_3mLGSt,1,1,10,2,4.0,6.0,12,5,2,2,6,2,0.48,0.16,0.79,0.17,1.0,1.0,1.0,0.0,28,6,20,21,333,246,244,161,20,27,7,13,48,51
m_0NaY2x,2026-09-06,8,Lanús,t_0rsFNq,Defensa y Justicia,t_1DVMAZ,1,0,7,4,3.0,1.0,15,11,5,3,7,5,1.43,0.95,0.71,0.94,2.0,1.0,1.0,1.0,23,19,14,11,477,537,381,407,18,20,16,10,78,71
m_1W1wwo,2026-09-06,8,Central Córdoba de Santiago,t_2M7cot,Independiente,t_1XZg6T,1,0,3,11,1.0,0.0,14,30,5,5,4,15,1.69,1.43,1.0,0.23,4.0,1.0,3.0,1.0,22,33,9,11,344,385,271,308,23,18,8,8,51,50
m_3kXmim,2026-09-06,8,Vélez Sarsfield,t_2eRs85,Estudiantes,t_1HsET8,0,1,1,5,5.0,2.0,6,11,2,3,2,5,0.31,1.84,0.09,1.13,0.0,3.0,0.0,2.0,12,29,19,16,472,381,343,251,17,14,16,15,69,66
m_3Sp87a,2026-09-07,8,Racing Club,t_2RmaMX,Atlético Tucumán,t_45vTPl,1,2,3,3,2.0,1.0,19,12,4,6,9,3,1.28,2.3,0.85,2.88,1.0,2.0,0.0,1.0,33,15,8,12,688,235,591,125,15,18,10,12,51,48
m_1lN21b,2026-09-07,8,Barracas Central,t_3FROV0,Argentinos Juniors,t_3XuEvf,0,0,3,4,5.0,2.0,7,7,1,3,3,4,0.37,0.3,0.24,0.12,1.0,1.0,1.0,1.0,11,7,25,12,374,523,281,424,15,16,15,12,71,70
m_0rPnpL,2026-09-08,8,Unión,t_0oa5Fc,Instituto,t_2rXlDo,3,2,2,7,1.0,5.0,9,11,4,2,4,6,0.97,0.63,1.92,1.19,2.0,0.0,,,9,22,6,12,312,417,222,313,15,17,7,11,46,47
m_0v5efb,2026-09-11,9,Defensa y Justicia,t_1DVMAZ,Gimnasia Mendoza,t_1g5yTJ,0,2,6,5,3.0,1.0,16,10,1,6,9,3,0.76,1.06,0.06,1.77,1.0,3.0,1.0,2.0,22,16,9,18,377,355,296,274,20,32,9,10,55,62
m_3tdQH8,2026-09-11,9,Newell's Old Boys,t_3mLGSt,Vélez Sarsfield,t_2eRs85,1,1,2,8,,,7,15,1,6,3,5,0.42,2.06,0.23,2.22,1.0,2.0,0.0,2.0,10,33,13,13,391,413,290,324,19,24,10,14,64,63
m_3TfyzU,2026-09-12,9,Atlético Tucumán,t_45vTPl,River Plate,t_1Fzy5s,2,1,5,1,2.0,2.0,18,5,5,1,7,3,1.02,0.6,0.86,0.59,1.0,2.0,1.0,1.0,43,7,7,7,745,241,659,144,19,20,8,15,56,55
m_2iSmoq,2026-09-12,9,Estudiantes,t_1HsET8,Club Atlético Platense,t_2Swqmw,2,1,2,2,4.0,3.0,16,12,10,1,5,8,1.0,0.64,2.03,0.32,3.0,2.0,2.0,1.0,24,10,15,19,423,306,332,207,24,10,7,12,52,51
m_2HZGss,2026-09-12,9,Boca Juniors,t_0otcXZ,Central Córdoba de Santiago,t_2M7cot,3,1,2,6,3.0,2.0,9,15,6,1,2,10,2.14,1.01,2.1,0.86,4.0,1.0,2.0,0.0,12,17,15,10,538,423,469,356,20,15,11,6,43,45
m_2lA7Wg,2026-09-12,9,Independiente Rivadavia,t_0SmVI4,Aldosivi,t_2rD0OF,3,4,7,2,2.0,3.0,25,15,9,8,13,3,1.84,2.63,3.56,3.93,5.0,4.0,2.0,0.0,29,23,10,13,347,401,242,308,19,22,9,7,56,62
m_36N9w7,2026-09-12,9,Talleres,t_02LuKO,Unión,t_0oa5Fc,1,2,4,11,3.0,2.0,18,23,4,8,11,8,1.25,2.19,0.55,1.66,3.0,3.0,3.0,2.0,20,29,10,12,306,474,216,382,16,22,15,4,45,47
m_0XqwtQ,2026-09-13,9,Independiente,t_1XZg6T,San Lorenzo,t_1QqhS7,1,1,8,6,2.0,3.0,23,8,5,3,9,3,1.16,0.38,1.08,0.59,3.0,0.0,2.0,0.0,20,10,12,17,497,252,425,173,18,25,6,7,48,39
m_0ZigWJ,2026-09-13,9,Sarmiento,t_3qkV0m,Belgrano,t_2Ba0sx,1,1,3,7,4.0,1.0,9,17,4,7,3,6,1.53,2.18,2.17,2.65,4.0,4.0,3.0,3.0,16,40,13,10,197,563,115,485,30,18,9,8,48,49
m_2UjMTH,2026-09-13,9,Tigre,t_1L8FaD,Rosario Central,t_1rEb7t,1,0,4,4,3.0,3.0,12,13,6,3,6,8,2.02,1.37,2.06,0.52,3.0,3.0,2.0,3.0,22,17,8,13,473,331,388,246,28,21,11,19,56,53
m_2tVeMD,2026-09-13,9,Argentinos Juniors,t_3XuEvf,Gimnasia LP,t_0rGDE4,1,1,3,6,4.0,1.0,9,14,2,2,7,6,1.65,0.68,0.52,0.62,3.0,3.0,2.0,2.0,13,21,16,6,313,550,236,460,23,18,13,12,52,45
m_3n69Oa,2026-09-14,Clausura - Round 9,Huracán,t_2qXAzu,Racing Club,t_2RmaMX,2,1,3,5,2.0,3.0,21,16,6,9,10,5,3.12,1.19,2.15,1.41,4.0,0.0,2.0,0.0,30,41,11,10,324,486,236,388,19,23,10,13,67,50
m_2vy6Yj,2026-09-14,Clausura - Round 9,Deportivo Riestra,t_3TbOfu,Lanús,t_0rsFNq,0,3,4,4,2.0,1.0,23,11,6,6,7,4,1.83,1.67,1.12,1.34,1.0,3.0,1.0,1.0,28,20,18,8,297,527,192,406,18,11,10,7,65,69
m_1qLG6R,2026-09-14,Clausura - Round 9,Banfield,t_0bW0AU,Barracas Central,t_3FROV0,1,1,6,1,0.0,2.0,9,8,3,4,5,3,1.13,0.72,0.95,0.99,2.0,2.0,1.0,1.0,16,13,5,17,446,268,341,173,17,26,11,15,47,44
m_1jSOwn,2026-09-14,9,Huracán,t_2qXAzu,Racing Club,t_2RmaMX,2,1,3,5,2.0,3.0,21,16,6,9,10,5,3.12,1.19,2.15,1.41,4.0,0.0,2.0,0.0,30,41,11,10,324,486,236,388,19,23,10,13,67,50
m_0WEWh7,2026-09-14,9,Banfield,t_0bW0AU,Barracas Central,t_3FROV0,1,1,6,1,0.0,2.0,9,8,3,4,5,3,1.13,0.72,0.95,0.99,2.0,2.0,1.0,1.0,16,13,5,17,446,268,341,173,17,26,11,15,47,44
m_0AnTKr,2026-09-14,9,Deportivo Riestra,t_3TbOfu,Lanús,t_0rsFNq,0,3,4,4,2.0,1.0,23,11,6,6,7,4,1.83,1.67,1.12,1.34,1.0,3.0,1.0,1.0,28,20,18,8,297,527,192,406,18,11,10,7,65,69
m_47lc7V,2026-09-15,9,Instituto,t_2rXlDo,Estudiantes de Río Cuarto,t_1dhmUh,1,2,3,2,2.0,3.0,11,13,5,4,5,4,0.92,0.62,1.14,0.81,1.0,0.0,1.0,0.0,18,18,12,10,471,315,392,241,19,20,9,14,48,42
m_1qj0Vv,2026-09-15,Clausura - Round 9,Instituto,t_2rXlDo,Estudiantes de Río Cuarto,t_1dhmUh,1,2,3,2,2.0,3.0,11,13,5,4,5,4,0.92,0.62,1.14,0.81,1.0,0.0,1.0,0.0,18,18,12,10,471,315,392,241,19,20,9,14,48,42
m_1rGQaB,2026-09-19,Clausura - Round 10,Gimnasia LP,t_0rGDE4,Banfield,t_0bW0AU,2,2,2,5,2.0,0.0,11,23,5,7,4,11,0.51,3.54,1.03,2.88,1.0,8.0,1.0,7.0,16,26,16,9,374,443,284,353,17,14,13,9,50,52
m_17fjdr,2026-09-19,Clausura - Round 10,Unión,t_0oa5Fc,Independiente,t_1XZg6T,2,1,1,6,4.0,2.0,8,21,4,4,2,10,0.34,1.51,0.55,1.03,1.0,2.0,0.0,1.0,11,27,12,11,317,366,235,276,6,14,5,5,41,51
m_0sbdux,2026-09-20,Clausura - Round 10,Rosario Central,t_1rEb7t,Argentinos Juniors,t_3XuEvf,1,0,6,9,2.0,2.0,12,11,5,3,6,6,0.8,0.39,1.62,0.76,,,,,22,24,10,8,338,522,254,458,24,28,12,10,55,55
m_0BTFn7,2026-09-20,Clausura - Round 10,Instituto,t_2rXlDo,Talleres,t_02LuKO,1,3,2,4,3.0,4.0,6,17,1,6,5,6,0.43,1.28,0.55,1.22,2.0,3.0,1.0,3.0,11,24,14,12,440,317,344,220,5,14,7,10,52,51
m_0bU15M,2026-09-21,Clausura - Round 10,Aldosivi,t_2rD0OF,Atlético Tucumán,t_45vTPl,1,0,3,6,1.0,0.0,13,13,3,1,7,9,1.06,0.73,0.8,0.05,4.0,1.0,4.0,1.0,20,16,10,11,397,278,296,163,23,27,9,9,56,55
m_0el541,2026-09-21,Clausura - Round 10,Vélez Sarsfield,t_2eRs85,Tigre,t_1L8FaD,3,2,2,7,,,23,13,8,9,8,3,1.73,2.08,2.26,2.59,3.0,5.0,2.0,3.0,25,17,9,9,492,355,416,278,19,20,11,13,66,58
m_0Feldm,2026-09-22,Clausura - Round 10,Lanús,t_0rsFNq,Estudiantes,t_1HsET8,1,2,8,1,2.0,2.0,24,6,5,3,10,2,1.59,1.21,0.88,1.9,3.0,2.0,3.0,0.0,32,11,10,11,575,394,481,300,17,12,8,10,65,64
m_2hYK0U,2026-10-02,Clausura - Round 11,Independiente,t_1XZg6T,Instituto,t_2rXlDo,1,4,3,7,4.0,3.0,8,13,2,6,5,4,0.44,1.56,0.15,3.03,0.0,3.0,0.0,1.0,14,19,13,9,306,345,227,275,14,15,7,7,34,48
m_4O6zEu,2026-10-03,Clausura - Round 11,Boca Juniors,t_0otcXZ,Unión,t_0oa5Fc,3,0,2,1,2.0,5.0,25,4,7,1,15,2,2.76,0.16,3.15,0.2,4.0,0.0,4.0,0.0,42,6,7,11,686,301,613,230,12,10,9,10,64,47
m_2ZYJzm,2026-10-03,Clausura - Round 11,Atlético Tucumán,t_45vTPl,Barracas Central,t_3FROV0,3,2,4,4,3.0,2.0,9,10,5,8,3,1,1.01,0.62,2.25,1.49,3.0,3.0,1.0,2.0,23,17,6,12,389,266,306,178,27,18,3,9,49,55
m_099zvI,2026-10-04,Clausura - Round 11,Argentinos Juniors,t_3XuEvf,Tigre,t_1L8FaD,1,2,3,4,2.0,2.0,13,13,4,5,6,4,1.68,0.66,1.28,0.94,3.0,1.0,3.0,1.0,20,9,11,14,444,362,351,280,29,18,14,7,58,65
m_1JKni6,2026-10-04,Clausura - Round 11,Huracán,t_2qXAzu,Aldosivi,t_2rD0OF,0,1,5,6,5.0,2.0,13,17,4,7,7,8,0.91,1.54,0.64,1.45,2.0,4.0,2.0,4.0,17,31,10,10,406,413,318,326,18,15,18,7,62,65
m_1bDLdl,2026-10-04,Clausura - Round 11,Talleres,t_02LuKO,Belgrano,t_2Ba0sx,1,0,5,4,4.0,2.0,11,16,2,6,5,8,0.71,0.75,1.24,1.19,1.0,1.0,1.0,1.0,15,24,11,12,381,379,305,313,17,18,5,8,47,58
m_2cktRa,2026-10-05,Clausura - Round 11,Estudiantes,t_1HsET8,Gimnasia Mendoza,t_1g5yTJ,3,0,4,5,1.0,3.0,17,10,5,2,10,5,2.92,1.38,2.02,0.18,7.0,3.0,4.0,3.0,28,18,14,19,362,345,290,257,9,13,9,8,38,39
